Price,Area,Bedrooms,Bathrooms,Garage,Age,Location,Distance_to_city,Crime_Rate,School_Rating,Date_Sold,HOA_Fees,Has_Basement,Pool,Description
337000.0,2700.0,3,3,1,12,Midtown,15.19,1.94,6,2023-05-05,,Yes,No,close to public transport and schools.
290000.0,2462.0,4,3,2,6,Suburb,12.65,2.06,10,2023-04-23,155.63,Y,Yes,Needs some TLC but great potential.
349000.0,2030.0,3,3,1,14,downtown,14.18,1.53,10,2023-05-17,280.68,No,No,Needs some TLC but great potential.
414000.0,1677.0,4,2,2,6,suburb,15.23,4.71,10,2024-05-10,165.05,Yes,yes,Quiet neighborhood; low crime-rate!
282000.0,2349.0,4,2,1,37,downtown,8.3,1.75,3,2024-11-08,172.47,no,Yes,close to public transport and schools.
282000.0,2197.0,5,1,2,33,downtown,9.26,2.3,10,2023-05-30,196.56,Yes,No,Needs some TLC but great potential.
418000.0,2448.0,4,3,0,40,suburb,16.44,2.26,6,2023-12-09,143.9,N,No,close to public transport and schools.
358000.0,2318.0,3,2,1,21,Rural,3.95,0.59,1,2024-08-02,,no,No,Needs some TLC but great potential.
265000.0,2525.0,5,2,1,23,Downtown,12.15,1.7,5,2023-11-17,303.32,No,No,nan
341000.0,1732.0,2,2,0,48,Suburb,6.42,4.84,10,2024-06-15,125.6,Yes,,Needs some TLC but great potential.
265000.0,2659.0,2,2,2,36,downtown,15.5,1.19,6,2023-10-16,,No,No,Needs some TLC but great potential.
265000.0,2099.0,5,2,1,43,suburb,9.91,1.55,8,2024-05-03,132.93,no,No,needs-work
318000.0,3038.0,3,3,1,0,Down Town,10.04,1.0,9,2024-05-06,,Yes,Yes,nan
157000.0,1655.0,2,3,2,9,downtown,18.64,2.86,3,2024-09-03,199.15,N,No,Recently renovated with modern finishes.
171000.0,2868.0,2,3,0,42,Suburb,4.62,5.83,2,2023-09-09,97.56,,Unknown,close to public transport and schools.
258000.0,2099.0,4,3,2,15,Downtown,11.08,2.8,4,2023-03-18,,,No,needs-work
224000.0,1674.0,4,1,2,45,downtown,9.1,3.1,8,2024-10-08,287.3,No,No,LARGE BACKYARD and spacious living area.
324000.0,1758.0,3,3,2,7,downtown,12.66,1.81,8,2024-01-27,217.56,yes,Yes,nan
232000.0,1840.0,5,2,1,48,Rural,19.65,2.91,3,2024-02-16,,,,needs-work
194000.0,2212.0,3,3,0,24,suburb,6.97,4.84,4,2023-06-22,168.72,No,Yes,Recently renovated with modern finishes.
410000.0,2261.0,5,1,0,49,Down Town,4.01,3.21,3,2023-07-20,,Yes,yes,Needs some TLC but great potential.
1132000.0,5139.0,2,2,2,11,Down Town,5.95,6.2,10,2023-08-05,,Yes,No,Quiet neighborhood; low crime-rate!
305000.0,1988.0,4,3,1,24,Midtown,8.84,4.89,2,2024-01-11,,Yes,No,Recently renovated with modern finishes.
193000.0,3071.0,3,3,2,16,Downtown,10.32,2.87,4,2024-12-20,160.66,no,No,nan
259000.0,2864.0,3,3,1,25,Midtown,10.57,2.84,6,2024-08-08,,No,Yes,Quiet neighborhood; low crime-rate!
308000.0,2218.0,5,2,1,45,Suburb,19.01,5.45,5,2023-01-11,146.07,no,No,Needs some TLC but great potential.
214000.0,2019.0,5,2,1,47,Downtown,18.12,3.21,3,2023-01-12,243.46,N,No,Recently renovated with modern finishes.
328000.0,2060.0,3,1,1,13,downtown,16.51,5.11,2,2024-08-12,318.66,Y,Yes,LARGE BACKYARD and spacious living area.
255000.0,2307.0,5,2,0,40,downtown,22.57,6.0,9,2024-03-10,,Y,Unknown,close to public transport and schools.
278000.0,1489.0,3,2,1,35,Down Town,14.12,2.69,1,2024-11-14,,Yes,Yes,close to public transport and schools.
255000.0,1871.0,3,3,1,22,Suburb,15.54,3.53,9,2024-08-30,114.75,no,No,nan
439000.0,1166.0,3,2,2,42,suburb,14.02,4.47,1,2024-01-08,179.41,No,No,needs-work
299000.0,2200.0,2,3,2,5,Suburb,13.2,4.15,7,2023-09-30,129.95,No,No,Needs some TLC but great potential.
221000.0,2324.0,5,3,0,46,downtown,11.97,4.14,6,2024-11-21,330.95,Yes,No,Needs some TLC but great potential.
362000.0,1758.0,4,2,2,4,suburb,8.02,1.0,7,2024-07-29,169.24,no,No,close to public transport and schools.
208000.0,2787.0,4,1,1,42,Suburb,3.77,1.73,3,2024-05-23,150.04,no,No,Recently renovated with modern finishes.
316000.0,1387.0,5,1,2,24,Suburb,9.35,2.26,3,2023-05-12,137.79,No,No,Needs some TLC but great potential.
153000.0,1268.0,3,2,0,17,suburb,12.83,4.82,1,2023-11-15,195.27,No,No,LARGE BACKYARD and spacious living area.
200000.0,2112.0,4,1,2,12,downtown,10.36,1.15,4,2024-09-12,259.3,N,yes,LARGE BACKYARD and spacious living area.
315000.0,2524.0,4,3,2,42,Suburb,4.67,5.28,2,2023-06-17,,Yes,No,Needs some TLC but great potential.
355000.0,2842.0,5,3,0,13,suburb,9.17,4.17,10,2024-02-01,171.67,Yes,No,Needs some TLC but great potential.
313000.0,1771.0,4,2,0,27,Rural,8.91,4.73,8,2023-06-29,,Y,No,close to public transport and schools.
291000.0,2539.0,3,1,1,17,Rural,9.69,1.61,3,2023-02-27,,Yes,Yes,nan
277000.0,1981.0,5,1,2,27,downtown,12.45,3.11,7,2024-04-24,298.59,No,No,close to public transport and schools.
189000.0,1914.0,3,3,1,26,suburb,13.53,3.45,7,2024-08-13,106.44,No,No,nan
246000.0,2442.0,4,2,2,31,Rural,7.5,3.38,9,2024-04-04,,No,yes,LARGE BACKYARD and spacious living area.
265000.0,2326.0,4,1,2,46,suburb,14.91,3.44,6,2023-03-02,94.12,Yes,,nan
379000.0,1212.0,3,2,1,8,Suburb,15.66,2.59,1,2024-01-04,182.41,No,No,close to public transport and schools.
326000.0,2738.0,2,1,2,39,downtown,11.6,3.2,8,2023-05-01,333.8,No,No,Needs some TLC but great potential.
168000.0,2690.0,4,3,2,31,Rural,13.32,4.55,1,2024-12-19,,No,No,nan
324000.0,1687.0,2,3,2,19,Midtown,14.92,1.25,3,2024-06-29,,Y,No,close to public transport and schools.
271000.0,2198.0,4,2,0,27,Suburb,4.51,5.32,5,2024-08-04,132.15,,No,LARGE BACKYARD and spacious living area.
996000.0,6741.0,2,3,1,32,Midtown,15.27,4.47,8,2023-01-17,,Yes,,Quiet neighborhood; low crime-rate!
346000.0,2130.0,2,1,0,3,Midtown,6.05,1.55,9,2024-05-10,,no,Yes,nan
377000.0,1725.0,2,3,1,45,Downtown,6.54,3.58,7,2024-05-11,231.44,Yes,No,LARGE BACKYARD and spacious living area.
370000.0,1664.0,3,2,1,33,Downtown,10.98,4.35,9,2024-05-19,302.09,No,yes,LARGE BACKYARD and spacious living area.
237000.0,1987.0,2,2,2,47,downtown,0.5,1.15,3,2024-06-15,281.87,No,No,Recently renovated with modern finishes.
277000.0,2586.0,2,2,1,2,Rural,10.88,3.06,5,2023-11-11,,No,Yes,Quiet neighborhood; low crime-rate!
325000.0,2272.0,2,1,0,25,Rural,14.91,2.88,10,2023-03-10,,N,Yes,nan
373000.0,1815.0,4,1,0,7,Rural,1.77,2.03,8,2024-12-27,,No,No,close to public transport and schools.
264000.0,2386.0,2,1,0,5,suburb,15.45,3.14,1,2023-06-10,,No,No,nan
286000.0,576.0,4,1,1,15,Suburb,6.51,2.1,8,2024-09-05,224.14,no,No,nan
217000.0,2574.0,2,1,0,23,Rural,11.03,5.06,7,2024-12-18,,Yes,No,Quiet neighborhood; low crime-rate!
210000.0,1130.0,2,3,1,47,Suburb,7.23,2.06,1,2023-05-25,159.36,Yes,,needs-work
361000.0,1819.0,3,1,0,38,downtown,12.86,4.19,10,2024-07-22,226.26,Yes,No,LARGE BACKYARD and spacious living area.
402000.0,1440.0,4,1,0,29,Midtown,15.12,0.52,10,2024-08-17,,Yes,No,LARGE BACKYARD and spacious living area.
295000.0,1353.0,2,3,1,44,Rural,13.24,2.76,6,2024-01-20,,No,No,LARGE BACKYARD and spacious living area.
375000.0,2580.0,4,1,0,12,downtown,9.98,3.02,1,2023-09-26,178.72,No,No,LARGE BACKYARD and spacious living area.
327000.0,1766.0,4,2,2,4,Rural,7.62,2.71,2,2024-03-29,,Yes,No,Quiet neighborhood; low crime-rate!
252000.0,2173.0,5,1,1,24,Downtown,9.65,2.41,5,2024-11-29,231.97,Yes,no,close to public transport and schools.
327000.0,1977.0,3,1,1,19,Down Town,13.28,2.0,2,2024-06-01,,N,yes,Needs some TLC but great potential.
415000.0,2239.0,3,2,1,17,downtown,13.45,4.13,10,2023-12-16,200.49,N,No,Recently renovated with modern finishes.
1188000.0,6114.0,3,2,2,46,Rural,12.75,4.5,1,,,,yes,needs-work
417000.0,1359.0,5,2,1,17,Down Town,3.59,2.88,6,2024-04-27,,no,No,needs-work
104000.0,2498.0,5,2,0,1,downtown,9.88,1.36,8,2024-02-11,190.07,no,No,LARGE BACKYARD and spacious living area.
362000.0,1753.0,3,1,0,9,suburb,6.83,5.69,8,2024-10-11,161.15,N,Yes,LARGE BACKYARD and spacious living area.
307000.0,1222.0,5,2,0,44,Rural,13.32,1.68,8,2023-02-20,,Y,yes,Recently renovated with modern finishes.
278000.0,1786.0,5,2,1,49,suburb,6.18,0.81,6,2024-02-07,153.28,Yes,Yes,LARGE BACKYARD and spacious living area.
307000.0,2750.0,5,3,0,46,Downtown,12.26,0.0,3,2024-07-16,345.98,Y,No,Needs some TLC but great potential.
151000.0,2425.0,3,2,1,11,Rural,8.59,3.15,1,2024-04-20,,Yes,No,needs-work
284000.0,1826.0,3,2,0,46,Midtown,0.6,2.67,2,2023-03-28,,no,Yes,nan
327000.0,1825.0,3,3,2,12,Downtown,14.65,4.55,5,,197.82,No,No,Recently renovated with modern finishes.
411000.0,1839.0,5,3,2,49,Down Town,9.87,3.92,10,2024-08-18,,Y,Yes,needs-work
261000.0,3038.0,3,1,2,46,downtown,16.38,3.44,5,2023-02-11,294.73,Yes,No,close to public transport and schools.
239000.0,2191.0,5,3,2,10,Suburb,1.67,2.59,10,2023-02-26,149.7,No,No,needs-work
262000.0,2215.0,2,1,1,18,Downtown,8.54,4.66,1,2023-07-15,177.78,No,No,Recently renovated with modern finishes.
369000.0,2515.0,5,3,0,34,Suburb,8.92,5.8,1,2024-11-08,199.36,Yes,no,Needs some TLC but great potential.
325000.0,2119.0,4,3,2,38,Suburb,11.35,4.51,9,2023-03-03,127.01,No,No,Quiet neighborhood; low crime-rate!
260000.0,1870.0,3,1,1,25,downtown,3.37,2.3,2,2023-09-20,279.41,Yes,Yes,close to public transport and schools.
338000.0,1902.0,3,3,2,45,Down Town,12.72,4.17,7,2023-04-22,,No,No,nan
307000.0,1964.0,4,1,2,13,downtown,19.56,2.4,10,2024-12-11,294.86,No,No,LARGE BACKYARD and spacious living area.
373000.0,1981.0,5,3,1,44,Rural,12.37,1.34,4,2023-06-27,,no,,Recently renovated with modern finishes.
247000.0,2364.0,2,2,1,43,Downtown,10.46,1.65,7,,223.82,No,No,close to public transport and schools.
275000.0,2026.0,4,3,0,23,Suburb,3.11,2.46,8,2024-02-14,174.3,No,No,Recently renovated with modern finishes.
271000.0,2366.0,4,1,0,40,downtown,6.13,3.16,5,2024-06-14,259.52,,Unknown,nan
190000.0,1960.0,5,3,2,0,downtown,9.72,6.09,1,2023-11-13,212.67,No,Unknown,Recently renovated with modern finishes.
322000.0,2039.0,3,1,2,42,downtown,7.35,1.68,4,2024-06-15,257.19,No,No,needs-work
320000.0,1001.0,5,1,0,21,Downtown,15.13,4.99,10,2023-04-16,317.28,No,No,needs-work
300000.0,2458.0,4,2,0,22,Down Town,12.67,2.52,3,2024-04-08,,yes,No,close to public transport and schools.
282000.0,2173.0,4,2,1,18,Midtown,23.46,0.0,10,2023-09-03,,No,Yes,Needs some TLC but great potential.
194000.0,2499.0,3,1,0,17,downtown,5.1,2.24,5,2023-03-22,199.43,No,no,Quiet neighborhood; low crime-rate!
268000.0,552.0,3,3,0,11,Downtown,10.17,4.77,10,2024-10-23,304.37,N,No,close to public transport and schools.
274000.0,3044.0,3,1,2,27,Suburb,3.08,3.52,10,2024-01-31,157.72,Yes,No,Recently renovated with modern finishes.
240000.0,1930.0,5,1,0,27,Rural,0.5,3.61,6,2024-06-05,,no,No,nan
288000.0,2554.0,3,3,2,32,Midtown,13.61,4.99,2,2023-09-21,,No,No,needs-work
330000.0,1480.0,4,3,0,18,suburb,12.48,1.45,7,2024-10-22,211.79,No,No,LARGE BACKYARD and spacious living area.
441000.0,2306.0,4,3,1,27,Midtown,5.73,1.42,3,2023-10-01,,N,No,LARGE BACKYARD and spacious living area.
313000.0,1473.0,2,3,0,48,Midtown,10.47,0.0,1,2024-12-06,,Yes,No,nan
319000.0,1688.0,5,1,0,36,Downtown,6.85,4.32,10,2023-06-21,,no,No,Recently renovated with modern finishes.
294000.0,2957.0,2,1,0,25,suburb,7.53,3.84,3,2023-09-22,152.06,,No,Quiet neighborhood; low crime-rate!
156000.0,1905.0,4,2,2,34,downtown,8.4,4.09,9,2023-01-26,280.96,No,Unknown,nan
298000.0,2109.0,2,1,1,33,downtown,5.52,1.23,10,2024-04-13,267.78,no,,Recently renovated with modern finishes.
305000.0,2435.0,4,3,0,34,Midtown,6.42,0.59,6,2024-04-20,,Yes,No,close to public transport and schools.
485000.0,2248.0,2,2,2,39,Downtown,6.56,1.02,6,2023-12-22,259.45,no,No,Quiet neighborhood; low crime-rate!
286000.0,2075.0,3,3,1,15,suburb,12.11,1.62,4,2023-01-26,134.16,No,No,Needs some TLC but great potential.
323000.0,2182.0,2,1,2,37,downtown,0.5,5.33,8,2023-02-03,219.58,No,No,Recently renovated with modern finishes.
297000.0,3202.0,3,2,2,12,Suburb,8.86,4.5,5,2023-09-21,177.42,Yes,,LARGE BACKYARD and spacious living area.
212000.0,1971.0,3,3,1,22,Down Town,4.56,2.31,7,2023-05-18,,No,No,LARGE BACKYARD and spacious living area.
386000.0,2101.0,5,2,0,21,Down Town,4.74,3.45,9,2024-11-25,,Yes,Yes,needs-work
356000.0,2525.0,3,2,2,15,downtown,7.37,1.98,5,2024-07-19,305.58,no,,Quiet neighborhood; low crime-rate!
359000.0,2553.0,3,1,2,27,suburb,9.93,3.55,5,2024-04-06,184.32,no,No,Needs some TLC but great potential.
232000.0,2594.0,2,3,0,47,Rural,8.93,1.29,4,2023-06-17,,Yes,No,Recently renovated with modern finishes.
405000.0,2319.0,4,2,0,34,downtown,4.68,4.13,6,2024-09-22,231.29,Yes,,Needs some TLC but great potential.
195000.0,1428.0,5,2,1,44,Rural,13.61,1.73,2,2024-10-16,,no,No,needs-work
344000.0,2817.0,3,3,1,45,Rural,5.49,4.21,3,2023-03-22,,No,No,close to public transport and schools.
464000.0,1427.0,5,2,1,7,suburb,6.33,2.36,1,2024-02-11,215.75,Yes,No,Needs some TLC but great potential.
226000.0,2151.0,2,2,0,43,Rural,11.42,1.81,2,2024-07-27,,No,No,close to public transport and schools.
258000.0,1623.0,3,2,2,21,Suburb,11.6,5.42,2,2023-02-15,178.72,No,No,LARGE BACKYARD and spacious living area.
307000.0,1968.0,2,3,2,20,suburb,6.94,3.27,8,,177.64,Yes,No,close to public transport and schools.
262000.0,2164.0,5,3,1,25,downtown,0.5,2.52,8,2024-09-02,304.56,N,Yes,Recently renovated with modern finishes.
184000.0,2161.0,2,3,0,39,Midtown,5.57,4.14,2,2023-02-22,,Y,No,Quiet neighborhood; low crime-rate!
305000.0,2211.0,5,3,2,20,Suburb,10.81,0.99,6,2024-12-04,,Yes,No,Quiet neighborhood; low crime-rate!
220000.0,2807.0,2,1,1,24,Downtown,13.44,4.66,5,2024-04-20,254.44,no,Yes,Recently renovated with modern finishes.
336000.0,2227.0,5,2,2,40,Down Town,9.6,2.79,3,2024-08-14,,No,,Recently renovated with modern finishes.
231000.0,1878.0,4,3,2,0,downtown,7.61,3.9,5,2023-01-16,234.66,Yes,No,Recently renovated with modern finishes.
416000.0,2482.0,2,2,0,5,downtown,21.47,0.68,5,2023-12-26,303.23,Yes,No,nan
241000.0,2595.0,2,2,0,22,downtown,8.14,2.43,5,2024-05-01,298.53,Yes,No,needs-work
276000.0,1386.0,4,1,2,22,Suburb,13.06,3.01,3,2024-12-06,196.33,No,Unknown,close to public transport and schools.
361000.0,2299.0,4,3,1,42,Downtown,3.32,4.55,3,2024-05-16,255.0,Yes,No,Recently renovated with modern finishes.
208000.0,2351.0,2,3,0,42,Midtown,4.55,4.02,4,2023-05-21,,No,No,Quiet neighborhood; low crime-rate!
317000.0,1851.0,4,2,2,22,suburb,13.24,2.41,7,2024-09-11,130.23,Yes,Yes,Needs some TLC but great potential.
398000.0,2688.0,3,3,0,31,Downtown,15.22,3.48,2,2024-03-22,271.27,Y,No,Needs some TLC but great potential.
179000.0,1925.0,5,2,0,29,Suburb,8.05,4.88,10,2023-10-17,161.33,N,No,nan
314000.0,2063.0,5,2,0,12,downtown,0.76,2.7,4,2023-07-28,191.43,No,No,close to public transport and schools.
319000.0,1913.0,5,1,2,42,Down Town,9.16,2.54,4,2024-04-19,,Y,no,close to public transport and schools.
359000.0,2008.0,3,1,1,17,downtown,10.95,0.17,1,2024-02-17,325.45,no,No,needs-work
207000.0,1452.0,4,1,1,22,suburb,10.49,2.58,10,2024-11-07,174.75,Y,yes,close to public transport and schools.
201000.0,1280.0,4,2,1,14,Rural,7.18,0.39,8,2024-03-02,,No,no,Quiet neighborhood; low crime-rate!
339000.0,2797.0,2,3,0,32,Down Town,9.24,2.83,1,2024-01-06,,No,no,Quiet neighborhood; low crime-rate!
322000.0,1577.0,4,1,2,20,downtown,6.25,4.48,8,2024-10-25,139.81,no,,needs-work
319000.0,1504.0,2,3,0,38,Midtown,4.44,0.0,7,2023-10-17,,Yes,Unknown,nan
326000.0,923.0,3,1,1,22,Down Town,13.78,4.85,9,2024-03-07,,No,No,close to public transport and schools.
249000.0,1681.0,5,1,1,26,Rural,10.49,2.5,8,2023-09-25,,No,No,close to public transport and schools.
317000.0,1338.0,5,2,2,44,Downtown,9.25,2.96,5,2023-05-31,260.46,Y,No,Recently renovated with modern finishes.
322000.0,2821.0,5,1,0,43,Suburb,7.46,2.25,8,2024-12-19,167.77,N,yes,close to public transport and schools.
246000.0,2505.0,4,1,1,17,downtown,9.1,0.43,10,2023-09-12,207.36,No,No,Quiet neighborhood; low crime-rate!
440000.0,1656.0,2,2,2,23,suburb,10.8,1.83,3,2023-12-19,164.93,Yes,No,Recently renovated with modern finishes.
336000.0,3126.0,2,3,0,46,Downtown,18.64,6.15,10,2024-01-12,232.76,,Yes,Recently renovated with modern finishes.
211000.0,2491.0,3,1,0,39,downtown,13.27,1.36,7,2024-10-14,256.82,Yes,Unknown,close to public transport and schools.
349000.0,1838.0,4,2,1,41,Downtown,6.67,0.62,4,2023-12-24,250.29,Yes,No,Needs some TLC but great potential.
227000.0,750.0,3,1,1,6,suburb,6.72,3.21,5,2024-08-30,135.56,No,No,LARGE BACKYARD and spacious living area.
359000.0,3145.0,2,2,0,49,downtown,5.94,2.87,9,2024-01-05,324.48,yes,No,Quiet neighborhood; low crime-rate!
387000.0,1305.0,2,3,0,47,Rural,9.0,2.52,7,2023-08-15,,N,No,Needs some TLC but great potential.
238000.0,1177.0,5,3,1,19,Rural,5.94,3.02,4,2024-12-05,,no,Yes,close to public transport and schools.
372000.0,2511.0,4,2,0,26,suburb,12.37,3.97,6,2023-10-30,92.79,Yes,No,close to public transport and schools.
331000.0,3220.0,2,2,1,5,Down Town,0.5,2.12,10,2024-01-24,,No,No,Needs some TLC but great potential.
362000.0,2692.0,5,2,0,26,suburb,12.68,3.29,7,2024-01-12,83.75,Yes,,close to public transport and schools.
442000.0,2282.0,4,3,1,8,Down Town,11.38,4.54,10,2023-04-28,,no,No,Quiet neighborhood; low crime-rate!
282000.0,2297.0,3,1,2,44,downtown,16.31,1.51,9,2023-01-05,213.02,No,No,needs-work
243000.0,2427.0,4,3,1,30,Down Town,14.38,0.0,4,2024-03-19,,Yes,No,Recently renovated with modern finishes.
233000.0,2379.0,4,2,1,20,downtown,6.58,4.01,10,,351.02,N,No,nan
239000.0,2141.0,2,2,2,25,downtown,13.82,6.75,3,2024-06-16,216.46,No,No,close to public transport and schools.
294000.0,2052.0,2,3,0,39,Midtown,9.16,2.99,8,2024-10-25,,No,No,close to public transport and schools.
326000.0,1969.0,4,2,2,47,Suburb,0.5,3.3,1,2024-10-01,151.29,no,no,Needs some TLC but great potential.
321000.0,1623.0,2,3,1,44,downtown,10.79,2.56,9,2023-05-04,227.67,Yes,No,Recently renovated with modern finishes.
362000.0,1860.0,2,2,0,12,Down Town,6.88,5.38,1,,,Yes,No,Needs some TLC but great potential.
301000.0,1154.0,2,1,2,48,Suburb,10.0,2.88,2,2023-10-04,191.75,Yes,,needs-work
409000.0,1951.0,5,1,0,22,Suburb,18.26,2.72,8,2024-01-29,89.86,No,Unknown,Quiet neighborhood; low crime-rate!
280000.0,1506.0,5,2,0,19,downtown,11.12,4.37,9,2024-10-25,225.93,Yes,No,Needs some TLC but great potential.
504000.0,1448.0,4,3,2,36,suburb,4.91,2.27,7,2023-12-26,175.96,Y,No,close to public transport and schools.
347000.0,2090.0,2,1,0,27,suburb,14.82,1.07,3,2024-09-14,183.24,Yes,no,Recently renovated with modern finishes.
236000.0,2696.0,5,3,2,16,Rural,11.81,4.32,7,2024-04-13,,no,,Quiet neighborhood; low crime-rate!
220000.0,2459.0,4,2,1,27,Suburb,4.32,2.11,6,2024-09-19,144.48,Yes,,close to public transport and schools.
336000.0,1215.0,2,3,0,40,downtown,1.97,1.54,2,2024-11-30,210.66,Yes,No,Quiet neighborhood; low crime-rate!
283000.0,1505.0,3,1,1,1,Midtown,5.11,6.15,3,2023-02-26,,Yes,No,close to public transport and schools.
354000.0,2470.0,2,3,1,24,suburb,14.18,2.73,10,2023-09-08,150.92,N,Yes,close to public transport and schools.
335000.0,1509.0,2,3,0,49,Midtown,8.49,3.74,10,2023-05-30,,No,No,close to public transport and schools.
295000.0,1888.0,5,2,2,40,downtown,10.41,3.04,5,,249.82,yes,no,nan
236000.0,2275.0,4,2,0,5,downtown,3.31,1.67,10,2023-06-11,198.51,N,yes,LARGE BACKYARD and spacious living area.
186000.0,1516.0,4,2,1,10,Suburb,14.32,4.03,4,2023-04-30,181.71,no,No,Recently renovated with modern finishes.
267000.0,2053.0,5,1,1,37,Midtown,0.5,3.47,2,2024-08-04,,N,No,needs-work
364000.0,1333.0,2,1,2,5,Rural,6.72,2.01,4,2023-12-17,,Yes,No,nan
316000.0,1699.0,3,2,0,44,Suburb,12.09,3.65,8,2023-04-09,76.14,yes,No,LARGE BACKYARD and spacious living area.
207000.0,2160.0,2,2,1,10,Downtown,4.39,2.23,5,2023-06-16,265.57,no,No,Quiet neighborhood; low crime-rate!
313000.0,1204.0,2,1,1,13,Midtown,13.07,1.34,5,2024-10-24,,,No,LARGE BACKYARD and spacious living area.
329000.0,2220.0,3,1,1,1,suburb,5.65,1.19,10,2024-05-28,137.3,Yes,No,LARGE BACKYARD and spacious living area.
234000.0,1990.0,5,1,2,39,suburb,3.87,3.41,3,2024-10-25,160.88,Y,No,nan
312000.0,2276.0,4,1,1,2,suburb,16.43,2.43,8,2024-02-05,129.32,Yes,No,Recently renovated with modern finishes.
304000.0,2112.0,5,2,1,34,Down Town,10.77,5.25,6,2023-12-31,,Yes,,Needs some TLC but great potential.
214000.0,2682.0,5,1,0,32,downtown,12.6,2.94,2,2024-07-30,245.64,N,No,LARGE BACKYARD and spacious living area.
327000.0,2063.0,2,2,0,23,Suburb,15.09,1.82,2,2023-11-22,210.13,,no,Needs some TLC but great potential.
342000.0,1785.0,4,3,1,18,suburb,0.5,3.24,9,2024-08-03,125.85,No,No,Needs some TLC but great potential.
381000.0,2061.0,4,3,1,17,Downtown,13.17,1.06,7,2024-09-24,259.05,no,No,close to public transport and schools.
379000.0,2272.0,5,1,0,48,suburb,6.19,2.87,10,2024-09-12,183.57,Yes,No,Needs some TLC but great potential.
197000.0,2024.0,3,3,2,23,Rural,6.85,3.48,9,2023-09-04,,Yes,No,Quiet neighborhood; low crime-rate!
230000.0,2020.0,5,3,2,44,downtown,12.19,3.29,6,2024-03-09,270.26,No,No,Quiet neighborhood; low crime-rate!
339000.0,1649.0,3,3,2,34,Midtown,8.18,4.95,5,2023-04-03,,No,No,close to public transport and schools.
339000.0,1669.0,4,1,2,0,downtown,12.97,6.9,1,2023-09-25,226.4,no,Yes,Recently renovated with modern finishes.
339000.0,1299.0,5,1,2,35,Midtown,9.8,4.01,6,2024-09-06,,No,No,needs-work
589000.0,2875.0,2,3,2,24,Midtown,10.84,4.77,6,2024-09-15,,No,Yes,Recently renovated with modern finishes.
343000.0,1378.0,5,2,2,44,Suburb,7.55,6.82,3,2023-11-17,188.87,No,No,Quiet neighborhood; low crime-rate!
385000.0,1654.0,4,3,2,48,Down Town,4.68,1.49,3,2023-03-03,,Yes,No,needs-work
372000.0,1641.0,2,1,0,42,Midtown,6.3,3.2,3,2023-10-27,,no,Yes,close to public transport and schools.
349000.0,2447.0,2,1,2,33,Midtown,9.49,2.28,3,2024-02-07,,No,Yes,Recently renovated with modern finishes.
276000.0,1853.0,3,1,2,24,Suburb,19.19,4.26,7,2024-10-09,122.51,No,Yes,needs-work
357000.0,2624.0,2,3,2,15,suburb,17.36,3.41,10,2024-07-20,151.82,yes,,needs-work
242000.0,1663.0,2,2,1,33,Rural,6.73,1.77,2,2024-09-11,,No,No,LARGE BACKYARD and spacious living area.
282000.0,2139.0,5,1,0,28,Downtown,10.3,3.02,10,2023-10-30,215.73,yes,no,Recently renovated with modern finishes.
264000.0,1582.0,4,1,0,18,Suburb,8.56,4.57,10,2023-09-10,140.64,Yes,No,close to public transport and schools.
306000.0,3073.0,3,3,0,22,Down Town,10.65,1.04,2,2024-04-22,,Yes,No,needs-work
474000.0,1406.0,5,2,2,18,Suburb,11.29,1.8,3,2024-01-04,182.51,,No,Quiet neighborhood; low crime-rate!
160000.0,2155.0,2,3,2,24,downtown,12.64,1.58,10,2024-11-09,210.19,yes,No,LARGE BACKYARD and spacious living area.
351000.0,2317.0,2,1,1,15,suburb,0.5,3.49,7,2023-06-09,168.01,No,Unknown,Needs some TLC but great potential.
179000.0,2207.0,3,2,0,8,suburb,11.83,4.86,3,2023-06-15,160.41,Y,Unknown,Needs some TLC but great potential.
265000.0,1907.0,4,2,2,0,Midtown,8.01,0.0,7,2023-07-24,,no,No,Needs some TLC but great potential.
382000.0,1935.0,3,1,0,41,suburb,6.48,3.14,9,2023-09-24,159.06,Yes,Unknown,Quiet neighborhood; low crime-rate!
305000.0,2022.0,5,2,1,18,suburb,13.97,1.61,10,2023-05-18,103.84,Yes,No,needs-work
219000.0,1926.0,3,2,1,32,suburb,17.33,4.51,4,2024-01-03,162.04,No,No,close to public transport and schools.
246000.0,2482.0,2,3,1,33,suburb,13.45,2.64,7,2024-03-18,176.73,Yes,No,Needs some TLC but great potential.
351000.0,3105.0,5,1,0,15,Downtown,7.41,3.2,9,2024-07-20,190.04,Yes,yes,Recently renovated with modern finishes.
245000.0,1721.0,2,1,2,43,Down Town,4.62,3.0,8,2024-12-21,,no,No,Needs some TLC but great potential.
316000.0,1315.0,4,1,2,39,Midtown,0.5,4.69,8,2023-01-17,,Yes,no,needs-work
303000.0,1956.0,2,1,1,17,suburb,10.91,6.07,9,2023-03-09,158.52,yes,No,nan
251000.0,3290.0,2,1,2,33,Midtown,12.9,1.3,5,2023-05-13,,No,No,Quiet neighborhood; low crime-rate!
461000.0,1598.0,3,2,1,24,Down Town,9.49,1.57,5,2024-11-30,,No,No,nan
348000.0,2820.0,2,3,0,44,Rural,14.67,3.48,3,,,Y,No,Needs some TLC but great potential.
148000.0,2839.0,5,1,1,5,suburb,3.4,1.78,5,2023-11-04,158.41,No,No,needs-work
314000.0,1723.0,5,3,0,20,Midtown,9.14,4.4,8,2024-10-11,,Yes,No,Needs some TLC but great potential.
250000.0,2284.0,4,3,1,5,Suburb,8.75,4.64,5,2023-06-23,200.68,Yes,no,nan
364000.0,2814.0,5,2,2,31,Midtown,9.45,2.18,4,2024-02-16,,N,No,needs-work
241000.0,1810.0,3,1,2,40,suburb,15.84,1.85,8,2023-04-07,166.99,Yes,No,Quiet neighborhood; low crime-rate!
291000.0,1898.0,4,2,1,47,downtown,9.48,2.59,7,2024-11-13,234.35,Yes,yes,Quiet neighborhood; low crime-rate!
338000.0,1709.0,5,1,2,42,Downtown,8.53,3.16,6,2023-06-03,376.77,,No,Needs some TLC but great potential.
365000.0,1493.0,3,2,2,38,Suburb,5.32,3.47,5,2024-11-25,119.42,,No,Quiet neighborhood; low crime-rate!
210000.0,1675.0,5,3,2,30,Suburb,16.64,0.0,5,2023-08-30,153.08,No,No,LARGE BACKYARD and spacious living area.
275000.0,1388.0,5,1,0,41,downtown,2.84,1.55,10,2023-10-31,184.16,Yes,No,needs-work
264000.0,2017.0,2,3,2,9,suburb,7.24,2.39,2,2023-10-12,168.89,N,No,needs-work
251000.0,1615.0,5,3,0,29,Downtown,18.47,1.8,4,2023-01-27,203.71,yes,yes,Quiet neighborhood; low crime-rate!
432000.0,2117.0,5,2,1,17,Suburb,12.34,0.0,8,2024-02-06,143.16,Yes,No,needs-work
330000.0,1222.0,3,1,2,23,Downtown,9.9,0.17,8,,290.59,Yes,No,nan
205000.0,2165.0,3,3,2,8,Suburb,10.11,1.04,1,2023-03-01,132.11,yes,No,close to public transport and schools.
369000.0,2417.0,2,2,2,30,suburb,5.27,2.83,2,2023-07-21,126.61,no,Yes,nan
459000.0,1003.0,5,1,1,14,Rural,9.66,2.35,5,2024-08-03,,N,No,Recently renovated with modern finishes.
377000.0,2187.0,2,1,0,3,Suburb,8.25,2.05,9,,190.21,Yes,No,LARGE BACKYARD and spacious living area.
186000.0,2614.0,5,3,0,39,Rural,10.9,4.19,10,2024-06-16,,No,No,close to public transport and schools.
264000.0,1395.0,4,1,2,8,Suburb,2.47,4.19,7,2023-06-01,138.04,Y,yes,Needs some TLC but great potential.
395000.0,2836.0,4,3,1,44,Down Town,11.99,3.22,10,2023-04-12,,Yes,No,needs-work
247000.0,2210.0,2,1,1,8,suburb,15.08,3.18,5,2024-08-29,123.59,Yes,No,Recently renovated with modern finishes.
333000.0,1647.0,2,2,1,25,downtown,8.98,1.72,1,2024-03-21,166.94,Yes,No,Recently renovated with modern finishes.
1432000.0,5916.0,2,3,1,3,Rural,13.24,1.89,6,2023-08-17,,No,No,LARGE BACKYARD and spacious living area.
230000.0,2279.0,3,3,1,16,downtown,11.55,0.44,8,2023-05-05,233.81,No,yes,close to public transport and schools.
296000.0,2038.0,3,1,0,15,suburb,6.96,2.62,7,2023-08-24,142.24,yes,No,Recently renovated with modern finishes.
57000.0,2269.0,3,1,0,14,Midtown,4.71,4.18,2,2023-06-11,,N,No,close to public transport and schools.
223000.0,1540.0,2,3,0,34,downtown,5.41,5.03,5,2024-07-07,209.58,no,No,close to public transport and schools.
281000.0,2085.0,5,1,2,4,suburb,11.46,2.63,4,2023-12-19,157.73,yes,No,Quiet neighborhood; low crime-rate!
206000.0,1293.0,4,2,1,4,downtown,9.72,3.74,9,2023-03-09,223.07,Yes,No,Recently renovated with modern finishes.
422000.0,1944.0,2,1,2,19,Rural,16.38,0.0,10,2023-06-22,,No,No,close to public transport and schools.
193000.0,1548.0,3,2,1,14,Down Town,13.95,2.35,1,2024-09-28,,No,no,LARGE BACKYARD and spacious living area.
267000.0,1632.0,3,2,0,17,downtown,13.94,2.32,6,2024-11-12,240.06,Yes,No,Recently renovated with modern finishes.
310000.0,2618.0,2,2,2,46,Rural,11.32,5.24,3,2024-07-12,,no,No,LARGE BACKYARD and spacious living area.
408000.0,2546.0,2,2,0,1,Suburb,5.19,3.59,9,2023-09-18,120.31,Yes,No,LARGE BACKYARD and spacious living area.
192000.0,2305.0,3,2,1,28,suburb,11.63,3.74,5,2023-08-05,212.71,No,Yes,close to public transport and schools.
387000.0,1454.0,5,1,1,12,Downtown,10.32,3.66,6,2023-05-04,183.01,No,No,close to public transport and schools.
301000.0,1842.0,3,2,1,3,Midtown,4.31,3.07,9,2023-06-11,,No,No,Quiet neighborhood; low crime-rate!
226000.0,2607.0,3,1,0,41,Downtown,16.05,5.3,9,2023-07-20,226.67,Y,Yes,needs-work
335000.0,2071.0,2,2,1,44,suburb,15.51,0.0,8,2024-03-29,177.68,No,yes,Quiet neighborhood; low crime-rate!
315000.0,3160.0,5,3,0,9,Down Town,4.28,3.22,9,2024-02-06,,Yes,No,Recently renovated with modern finishes.
255000.0,2197.0,3,2,2,30,downtown,6.81,4.69,4,2024-04-06,227.6,Yes,Unknown,Quiet neighborhood; low crime-rate!
305000.0,2096.0,3,3,1,40,Down Town,7.25,0.16,6,,,no,No,Needs some TLC but great potential.
271000.0,1845.0,4,2,1,7,Downtown,13.05,4.26,5,2023-07-25,259.04,Yes,Yes,Recently renovated with modern finishes.
309000.0,2067.0,2,2,1,2,Midtown,12.47,1.86,5,2023-02-09,,Yes,No,LARGE BACKYARD and spacious living area.
350000.0,1924.0,4,2,2,47,Rural,10.22,3.16,4,2023-09-30,,No,No,Quiet neighborhood; low crime-rate!
419000.0,2354.0,4,3,1,45,Midtown,11.37,1.83,2,2024-11-30,,Yes,No,Quiet neighborhood; low crime-rate!
207000.0,2478.0,3,3,0,8,suburb,3.56,4.44,6,2023-04-03,163.02,No,No,needs-work
460000.0,1607.0,2,2,0,29,suburb,11.91,2.57,9,2023-02-11,155.02,Y,Yes,Quiet neighborhood; low crime-rate!
154000.0,1334.0,5,1,1,10,Down Town,9.5,4.27,1,2024-04-09,,N,no,close to public transport and schools.
289000.0,1082.0,3,2,1,34,Rural,6.6,3.65,7,2024-01-14,,N,No,LARGE BACKYARD and spacious living area.
344000.0,2254.0,5,3,2,36,Down Town,2.34,1.81,6,2023-04-17,,Yes,Yes,Quiet neighborhood; low crime-rate!
321000.0,1448.0,5,2,2,41,downtown,10.13,3.75,3,2023-11-24,185.88,No,yes,nan
253000.0,924.0,2,3,2,12,Suburb,11.78,2.0,1,2023-03-06,148.38,Yes,No,nan
284000.0,2194.0,4,3,1,35,Rural,1.49,3.1,4,2023-12-31,,Yes,No,LARGE BACKYARD and spacious living area.
263000.0,3246.0,2,3,2,12,Suburb,10.09,2.54,9,2024-04-28,174.61,No,No,Quiet neighborhood; low crime-rate!
256000.0,1997.0,5,2,2,11,Midtown,10.61,4.35,2,2024-10-08,,Yes,No,needs-work
364000.0,2419.0,3,3,0,36,downtown,7.23,3.81,3,2023-01-24,269.44,Y,Yes,Needs some TLC but great potential.
327000.0,2041.0,5,3,2,9,Suburb,11.9,2.95,2,2024-06-23,127.24,N,No,needs-work
248000.0,1951.0,3,2,0,8,Downtown,9.34,1.97,2,2023-03-03,242.77,no,yes,Needs some TLC but great potential.
367000.0,2460.0,3,3,0,6,Midtown,11.42,1.1,10,2024-05-05,,N,No,Recently renovated with modern finishes.
323000.0,1855.0,2,2,2,1,Suburb,12.67,3.2,8,2023-09-30,153.03,Yes,No,Recently renovated with modern finishes.
361000.0,2134.0,5,3,0,22,downtown,12.67,2.05,3,2023-08-17,243.0,No,No,needs-work
347000.0,2161.0,4,1,1,38,Suburb,15.08,0.18,7,2023-01-20,178.55,Yes,No,Quiet neighborhood; low crime-rate!
238000.0,1666.0,5,1,1,39,suburb,11.69,1.0,8,2023-01-03,193.73,No,no,needs-work
258000.0,2496.0,5,3,2,38,Down Town,7.61,5.44,3,2024-02-25,,Yes,No,Recently renovated with modern finishes.
356000.0,1913.0,4,1,1,20,Downtown,6.76,2.01,2,2024-12-30,275.86,Yes,Yes,close to public transport and schools.
346000.0,1622.0,2,2,0,22,suburb,4.68,4.62,8,2023-11-03,168.64,No,No,Needs some TLC but great potential.
298000.0,2268.0,5,1,1,28,suburb,10.76,2.47,3,2024-03-07,138.81,N,No,LARGE BACKYARD and spacious living area.
309000.0,1551.0,5,3,2,13,downtown,16.61,4.86,7,2023-05-16,250.99,N,No,needs-work
396000.0,2014.0,3,3,2,25,Down Town,8.21,4.75,1,2024-05-29,,No,Yes,Quiet neighborhood; low crime-rate!
256000.0,1995.0,5,2,0,4,Down Town,12.25,1.76,6,2023-07-12,,No,No,Quiet neighborhood; low crime-rate!
341000.0,2543.0,4,3,2,30,Rural,6.24,0.02,9,2024-08-07,,No,No,nan
285000.0,2237.0,3,2,1,24,Midtown,10.97,0.15,3,2024-02-19,,Y,No,Needs some TLC but great potential.
284000.0,1987.0,2,1,2,30,Downtown,16.3,1.79,7,2023-04-28,270.64,Yes,No,Needs some TLC but great potential.
382000.0,2409.0,3,1,0,49,Midtown,13.43,5.83,6,2024-10-27,,N,Yes,Needs some TLC but great potential.
362000.0,2695.0,4,2,2,19,downtown,2.15,2.38,8,2023-07-28,325.11,No,no,needs-work
361000.0,2279.0,4,2,1,43,Downtown,12.85,3.22,3,2023-02-03,245.25,Yes,No,Recently renovated with modern finishes.
398000.0,2005.0,3,3,0,16,Rural,13.08,4.96,3,2024-10-10,,Yes,no,close to public transport and schools.
302000.0,1344.0,2,1,1,44,Suburb,10.87,3.17,4,2023-11-14,121.95,Yes,No,needs-work
351000.0,1467.0,3,2,0,1,suburb,13.34,3.11,3,2023-04-30,178.59,No,No,LARGE BACKYARD and spacious living area.
277000.0,1847.0,2,1,2,24,Downtown,5.83,3.93,9,2024-09-18,175.09,N,No,Recently renovated with modern finishes.
324000.0,1695.0,3,2,0,12,Midtown,10.32,3.43,4,2024-06-08,,No,No,needs-work
290000.0,1907.0,4,1,0,38,suburb,15.55,2.85,6,2024-08-03,170.06,No,No,close to public transport and schools.
307000.0,2028.0,5,3,2,27,downtown,15.1,1.92,8,2023-03-30,253.12,no,No,Needs some TLC but great potential.
345000.0,2265.0,5,1,1,41,Midtown,12.74,3.12,8,2024-05-26,,Yes,No,close to public transport and schools.
239000.0,1965.0,2,1,2,5,Suburb,5.59,4.64,5,2023-02-16,,Yes,No,Recently renovated with modern finishes.
457000.0,2243.0,2,1,0,2,downtown,4.8,5.67,5,2024-11-22,202.24,No,No,needs-work
225000.0,2032.0,2,1,2,34,Suburb,10.57,3.44,6,2024-06-05,152.07,N,Yes,Needs some TLC but great potential.
209000.0,1012.0,4,1,0,17,Suburb,10.9,4.13,10,2023-10-11,141.09,Y,No,needs-work
387000.0,1530.0,3,3,2,10,suburb,9.5,3.4,7,2024-01-12,116.92,No,No,Recently renovated with modern finishes.
359000.0,1928.0,4,2,2,19,downtown,5.98,2.87,10,2024-09-29,208.45,,Yes,LARGE BACKYARD and spacious living area.
347000.0,1395.0,5,1,1,4,downtown,12.18,3.77,7,2023-05-14,219.27,N,No,Needs some TLC but great potential.
347000.0,2300.0,2,3,0,18,Downtown,10.55,4.78,4,2024-10-28,249.91,Yes,No,close to public transport and schools.
299000.0,2765.0,3,1,1,21,Midtown,11.45,1.67,6,2023-09-05,,N,No,Recently renovated with modern finishes.
233000.0,2609.0,5,1,0,18,downtown,12.97,0.82,7,2024-10-13,206.13,Yes,No,nan
306000.0,1893.0,5,2,2,46,Downtown,8.63,2.2,5,2023-11-14,,Y,No,close to public transport and schools.
249000.0,2745.0,5,1,0,15,Down Town,7.56,3.32,5,2024-03-11,,Yes,no,close to public transport and schools.
373000.0,2074.0,4,3,1,23,Down Town,15.54,4.3,2,2023-06-25,,Y,No,Needs some TLC but great potential.
289000.0,1831.0,2,3,1,40,Down Town,6.21,1.52,7,2024-11-16,,No,no,needs-work
238000.0,1693.0,5,2,1,3,Rural,7.65,0.0,6,2024-08-08,,no,No,Quiet neighborhood; low crime-rate!
276000.0,1849.0,2,1,0,14,downtown,16.17,2.24,1,2023-12-17,,No,no,close to public transport and schools.
331000.0,1806.0,4,3,1,24,Rural,7.26,2.71,4,2023-05-23,,Y,Unknown,Recently renovated with modern finishes.
258000.0,2085.0,5,1,1,43,Midtown,9.51,1.26,3,2024-02-02,,Yes,No,nan
238000.0,2080.0,4,1,1,34,downtown,7.94,1.87,3,2024-09-15,239.55,no,No,LARGE BACKYARD and spacious living area.
318000.0,2002.0,4,1,2,13,Downtown,1.08,4.3,7,2024-12-18,188.96,N,No,nan
318000.0,2218.0,2,2,2,48,Rural,9.38,3.12,10,2024-10-04,,Yes,No,Recently renovated with modern finishes.
262000.0,2595.0,5,1,0,18,Rural,4.95,3.52,4,2024-01-04,,no,,Needs some TLC but great potential.
265000.0,2475.0,4,3,0,37,Midtown,11.27,2.47,8,2024-05-15,,No,,Recently renovated with modern finishes.
317000.0,1258.0,5,1,1,35,Rural,15.53,1.87,9,2024-09-13,,Y,No,Quiet neighborhood; low crime-rate!
191000.0,723.0,2,3,2,6,Suburb,0.5,2.46,3,2024-01-05,174.82,N,yes,Quiet neighborhood; low crime-rate!
194000.0,2467.0,4,1,1,29,Downtown,7.97,3.75,5,2024-08-01,192.33,Yes,no,Quiet neighborhood; low crime-rate!
246000.0,1317.0,2,3,1,18,Down Town,12.26,0.76,4,2024-01-17,,,No,close to public transport and schools.
284000.0,1888.0,5,3,2,48,Downtown,0.5,5.48,10,2023-03-27,281.85,No,No,Needs some TLC but great potential.
323000.0,1415.0,5,1,2,24,Suburb,16.68,3.86,6,2024-04-04,207.22,Yes,No,needs-work
411000.0,1099.0,2,1,2,15,Midtown,11.9,2.2,10,2023-11-21,,no,No,Quiet neighborhood; low crime-rate!
364000.0,2271.0,3,3,0,46,Midtown,15.42,4.22,4,2024-06-05,,N,Yes,needs-work
288000.0,2380.0,4,2,0,39,downtown,7.18,4.83,8,2024-05-03,206.38,Yes,No,LARGE BACKYARD and spacious living area.
299000.0,1712.0,5,1,1,7,Downtown,7.78,2.5,3,2024-02-01,197.79,Yes,No,LARGE BACKYARD and spacious living area.
225000.0,704.0,5,2,0,17,Midtown,9.2,2.68,5,2023-12-21,,N,No,needs-work
299000.0,1727.0,4,1,2,27,Rural,20.69,5.24,1,2023-10-15,,Yes,yes,Recently renovated with modern finishes.
278000.0,2196.0,2,1,2,15,Midtown,16.59,6.18,6,2024-04-03,,no,No,Quiet neighborhood; low crime-rate!
324000.0,1261.0,2,1,0,18,Midtown,10.66,3.04,5,2024-09-15,,N,Yes,close to public transport and schools.
238000.0,2092.0,2,1,1,41,Midtown,11.27,1.26,8,2024-06-19,,No,Unknown,LARGE BACKYARD and spacious living area.
339000.0,1992.0,3,2,1,16,Midtown,13.17,2.29,9,2023-10-18,,No,No,nan
415000.0,2290.0,3,1,0,44,Down Town,21.96,4.55,8,2023-06-17,,No,No,Needs some TLC but great potential.
292000.0,2060.0,5,3,1,12,Down Town,11.91,1.45,8,2024-09-12,,No,No,nan
330000.0,1513.0,2,3,1,6,downtown,10.23,2.69,3,2024-03-03,301.58,N,No,needs-work
352000.0,2598.0,4,2,1,26,Midtown,8.31,3.44,4,2024-12-02,,,no,LARGE BACKYARD and spacious living area.
270000.0,1921.0,5,1,2,9,Downtown,11.17,1.62,4,2024-05-04,156.84,No,No,LARGE BACKYARD and spacious living area.
317000.0,1986.0,4,3,2,33,Suburb,7.06,4.64,5,2023-12-21,111.19,No,No,Recently renovated with modern finishes.
301000.0,1533.0,5,2,0,35,downtown,12.48,4.04,9,2023-07-15,304.27,Yes,No,Recently renovated with modern finishes.
307000.0,1778.0,3,1,2,24,Downtown,2.84,6.01,9,2024-06-28,184.99,Y,yes,Quiet neighborhood; low crime-rate!
242000.0,1558.0,5,3,1,5,Midtown,8.7,4.17,10,2024-12-17,,Y,No,needs-work
302000.0,1914.0,3,3,2,23,suburb,13.67,1.56,1,2024-11-24,204.02,Y,Unknown,Needs some TLC but great potential.
337000.0,2856.0,5,2,0,17,Midtown,11.85,3.8,8,2024-10-20,,Yes,No,Quiet neighborhood; low crime-rate!
409000.0,1314.0,2,1,2,22,Down Town,7.69,4.48,1,2023-01-11,,no,yes,Recently renovated with modern finishes.
372000.0,1193.0,4,1,1,5,Suburb,8.84,4.56,2,2024-08-04,136.06,No,No,close to public transport and schools.
461000.0,2736.0,2,3,1,28,Rural,15.18,1.83,7,2023-09-13,,N,No,Needs some TLC but great potential.
242000.0,1895.0,5,3,0,24,Suburb,3.95,1.66,8,2024-01-31,148.11,N,No,close to public transport and schools.
365000.0,1665.0,5,3,2,16,Rural,3.98,1.29,1,2024-02-13,,Y,yes,Quiet neighborhood; low crime-rate!
314000.0,2520.0,5,1,2,45,Suburb,5.35,5.41,3,2023-12-28,161.09,No,No,Recently renovated with modern finishes.
464000.0,1697.0,3,2,2,23,Down Town,9.95,3.93,7,2023-09-16,,Y,yes,Needs some TLC but great potential.
239000.0,2913.0,4,2,1,10,Rural,3.22,1.77,9,2023-01-03,,Yes,No,Quiet neighborhood; low crime-rate!
237000.0,2339.0,4,1,0,25,Downtown,14.77,3.19,8,2023-03-25,142.53,N,Yes,LARGE BACKYARD and spacious living area.
255000.0,1756.0,5,2,2,33,Rural,5.38,2.81,8,2023-06-05,,Yes,No,Quiet neighborhood; low crime-rate!
141000.0,3079.0,5,3,1,27,downtown,11.12,1.54,9,2024-10-24,320.36,No,No,needs-work
261000.0,1697.0,3,2,1,2,Downtown,7.1,3.05,10,2023-06-25,261.61,Yes,No,nan
243000.0,2371.0,2,2,1,10,downtown,9.67,3.29,3,2024-12-07,254.13,yes,No,LARGE BACKYARD and spacious living area.
311000.0,2150.0,2,2,2,37,Midtown,1.98,5.9,8,2024-04-16,,No,No,close to public transport and schools.
326000.0,2651.0,4,3,2,13,Suburb,15.01,2.02,1,2024-09-10,139.77,Y,Unknown,LARGE BACKYARD and spacious living area.
441000.0,2781.0,3,1,2,25,Downtown,5.19,0.44,8,2024-02-28,224.16,Y,No,Quiet neighborhood; low crime-rate!
371000.0,2016.0,5,3,2,47,Suburb,4.67,1.43,7,2023-05-14,156.77,yes,No,LARGE BACKYARD and spacious living area.
257000.0,1623.0,4,1,2,20,Midtown,21.9,1.66,8,2024-01-15,,Yes,yes,nan
233000.0,2230.0,3,1,2,38,suburb,12.77,2.36,1,2024-10-28,162.53,Y,No,needs-work
337000.0,1661.0,2,1,2,29,Suburb,14.81,1.43,6,2023-10-04,106.77,No,No,Quiet neighborhood; low crime-rate!
201000.0,3007.0,3,2,2,7,Midtown,12.29,4.23,7,2023-08-24,,Yes,No,nan
437000.0,2068.0,2,2,2,19,Suburb,7.74,1.33,5,2023-01-13,160.99,Yes,No,LARGE BACKYARD and spacious living area.
388000.0,1817.0,3,1,1,47,Midtown,3.47,3.03,5,2023-12-08,,Yes,No,nan
265000.0,2092.0,4,1,2,31,downtown,8.51,6.0,7,2023-02-04,209.38,Yes,No,LARGE BACKYARD and spacious living area.
172000.0,1326.0,2,2,0,21,Midtown,5.11,3.83,3,2024-07-12,,No,,Needs some TLC but great potential.
402000.0,1514.0,4,3,1,6,Rural,5.41,3.68,6,2023-08-02,,Yes,No,LARGE BACKYARD and spacious living area.
291000.0,2600.0,4,1,2,8,suburb,2.08,5.79,7,2024-02-16,163.93,No,Yes,Recently renovated with modern finishes.
393000.0,1672.0,2,3,0,44,Suburb,10.57,4.87,1,2024-02-09,186.73,Yes,No,nan
180000.0,1477.0,2,2,2,0,Midtown,17.87,3.85,2,2024-05-08,,Yes,No,needs-work
255000.0,2268.0,5,1,0,28,Midtown,12.79,2.53,4,2024-10-19,,no,No,nan
300000.0,2593.0,5,3,0,7,Suburb,9.47,2.97,8,2023-06-08,195.19,No,yes,close to public transport and schools.
304000.0,2359.0,5,3,0,3,suburb,9.8,2.89,10,2024-09-28,142.13,Yes,No,needs-work
266000.0,2498.0,4,3,0,34,suburb,0.5,2.4,6,2023-04-20,143.06,No,no,needs-work
347000.0,1622.0,4,2,1,2,Midtown,7.88,3.32,1,2024-07-02,,Yes,No,close to public transport and schools.
220000.0,1289.0,5,2,1,44,Downtown,2.87,3.53,10,2024-06-09,267.01,Yes,No,Recently renovated with modern finishes.
289000.0,2751.0,4,3,0,39,downtown,10.67,1.13,5,2023-12-13,212.22,Yes,No,nan
309000.0,1839.0,4,3,2,6,suburb,8.7,5.45,7,,128.83,,No,needs-work
339000.0,1875.0,2,2,0,26,suburb,5.65,3.61,6,2023-10-06,202.54,N,No,nan
353000.0,2664.0,2,3,1,0,Down Town,10.56,2.61,9,2024-04-23,,N,,needs-work
216000.0,2278.0,4,3,2,26,Rural,10.52,3.33,8,2023-04-21,,,No,close to public transport and schools.
185000.0,2228.0,5,2,1,15,suburb,17.59,4.4,4,2024-09-27,156.71,no,No,close to public transport and schools.
396000.0,3083.0,3,3,1,37,downtown,13.43,0.8,5,2024-03-06,,N,,LARGE BACKYARD and spacious living area.
325000.0,1678.0,5,3,2,6,Rural,11.08,2.84,7,2024-06-25,,Y,No,Quiet neighborhood; low crime-rate!
244000.0,2464.0,3,3,0,43,Rural,5.26,1.22,8,2023-04-25,,No,Yes,nan
416000.0,2029.0,5,2,0,22,Suburb,4.63,6.99,5,2023-03-31,97.01,Yes,Yes,nan
309000.0,2134.0,2,3,0,40,Suburb,12.99,3.21,9,2023-07-31,195.76,No,No,needs-work
388000.0,2764.0,4,2,0,10,Suburb,9.0,1.23,10,2024-07-03,163.75,No,Unknown,LARGE BACKYARD and spacious living area.
305000.0,2254.0,4,2,2,41,Suburb,11.25,8.4,4,2024-08-17,187.18,,No,nan
455000.0,2269.0,2,1,2,32,Down Town,14.89,2.2,4,2024-06-22,,No,no,needs-work
432000.0,2536.0,3,1,2,49,suburb,2.43,2.69,8,2024-12-29,137.69,Y,No,Recently renovated with modern finishes.
281000.0,1818.0,3,3,1,35,Suburb,16.99,2.79,1,2023-12-26,185.42,No,No,close to public transport and schools.
373000.0,1580.0,3,2,2,36,Midtown,14.85,1.73,8,2024-04-30,,Yes,No,close to public transport and schools.
348000.0,1478.0,2,1,0,40,Downtown,0.5,3.37,5,2024-01-07,143.98,No,no,Quiet neighborhood; low crime-rate!
403000.0,1017.0,3,3,1,16,Suburb,21.77,0.0,1,2023-08-03,162.2,No,Yes,close to public transport and schools.
228000.0,3028.0,2,1,0,34,suburb,11.61,4.63,4,2023-01-15,93.16,No,No,Needs some TLC but great potential.
351000.0,1448.0,5,1,0,47,Suburb,7.61,1.31,2,2023-09-16,110.36,No,No,Recently renovated with modern finishes.
379000.0,1889.0,5,2,2,4,Down Town,12.6,2.38,4,2024-04-07,,Yes,No,Recently renovated with modern finishes.
168000.0,1862.0,2,2,2,47,downtown,5.11,4.13,8,2023-04-30,313.41,No,No,LARGE BACKYARD and spacious living area.
211000.0,2154.0,4,1,0,31,downtown,12.73,2.69,5,2023-05-08,288.88,Y,No,Needs some TLC but great potential.
147000.0,2408.0,5,1,0,2,suburb,6.03,2.75,1,2024-12-23,155.46,No,no,nan
280000.0,2430.0,3,2,1,46,Midtown,20.1,1.48,7,,,No,No,Quiet neighborhood; low crime-rate!
354000.0,1708.0,2,3,2,34,downtown,10.3,6.14,1,2024-11-18,222.61,Yes,No,Recently renovated with modern finishes.
413000.0,1916.0,3,2,1,13,downtown,13.25,3.8,9,2024-10-06,293.05,Yes,No,Needs some TLC but great potential.
306000.0,2141.0,3,1,1,47,Downtown,6.07,1.38,3,2023-11-21,273.95,No,No,Needs some TLC but great potential.
422000.0,1876.0,4,3,1,30,suburb,14.08,3.27,3,2023-11-16,156.32,No,no,needs-work
196000.0,2804.0,3,1,0,30,Midtown,9.94,1.27,6,2024-05-20,,No,No,Recently renovated with modern finishes.
172000.0,2245.0,4,3,1,16,suburb,2.94,5.58,10,2024-06-09,174.23,no,Yes,needs-work
296000.0,2367.0,5,1,1,23,downtown,8.81,3.3,6,,153.61,Yes,Yes,LARGE BACKYARD and spacious living area.
329000.0,2331.0,2,3,0,22,downtown,19.66,1.54,6,2024-08-06,279.83,Yes,yes,Needs some TLC but great potential.
298000.0,2587.0,3,3,2,17,downtown,14.29,4.05,1,2023-03-10,303.34,No,,close to public transport and schools.
145000.0,2091.0,2,1,2,49,Rural,8.11,2.58,5,2024-01-26,,No,No,Needs some TLC but great potential.
293000.0,1352.0,3,3,1,13,Down Town,0.65,1.07,6,2024-01-18,,No,No,nan
202000.0,2200.0,2,2,0,49,Suburb,5.84,3.57,8,2023-01-16,156.75,yes,Yes,Recently renovated with modern finishes.
350000.0,1674.0,3,1,2,14,Down Town,2.97,3.53,1,2024-03-14,,yes,No,nan
327000.0,1736.0,3,2,1,14,suburb,0.77,4.71,5,2024-07-21,120.71,Yes,No,LARGE BACKYARD and spacious living area.
230000.0,2293.0,3,1,1,5,Downtown,13.93,3.1,3,2024-09-08,199.74,no,Yes,Quiet neighborhood; low crime-rate!
261000.0,2619.0,3,3,0,26,Suburb,10.31,3.16,2,2023-05-12,162.38,Yes,No,close to public transport and schools.
221000.0,2011.0,3,3,1,14,Downtown,18.98,3.24,8,2024-07-13,186.15,Y,No,Recently renovated with modern finishes.
295000.0,2154.0,3,3,2,49,Midtown,5.01,5.39,7,2023-09-05,,Y,No,Needs some TLC but great potential.
372000.0,2851.0,3,1,0,35,Rural,9.99,2.53,10,2023-09-30,,Y,No,close to public transport and schools.
226000.0,2120.0,3,2,2,7,suburb,3.03,3.7,7,2024-09-14,166.17,Yes,No,Needs some TLC but great potential.
338000.0,3301.0,3,2,2,14,Rural,7.03,3.93,5,2023-12-15,,No,No,LARGE BACKYARD and spacious living area.
260000.0,2283.0,2,1,2,2,suburb,8.89,3.52,9,2024-04-28,120.9,No,Yes,Quiet neighborhood; low crime-rate!
241000.0,1120.0,4,1,1,46,Downtown,8.13,2.48,5,2024-07-03,252.85,Yes,No,Recently renovated with modern finishes.
292000.0,2377.0,3,2,1,12,Downtown,10.27,3.18,2,2023-12-23,261.33,Yes,No,LARGE BACKYARD and spacious living area.
222000.0,2191.0,4,2,2,40,Downtown,14.86,2.86,3,2023-11-14,216.86,No,Yes,LARGE BACKYARD and spacious living area.
258000.0,2645.0,3,2,2,33,suburb,14.33,5.94,4,2024-09-24,116.26,No,No,Quiet neighborhood; low crime-rate!
210000.0,2337.0,3,2,0,23,downtown,6.15,2.31,5,2023-02-17,248.24,Y,yes,LARGE BACKYARD and spacious living area.
447000.0,1931.0,2,1,0,39,Downtown,9.85,1.63,3,2023-01-10,121.17,Yes,No,LARGE BACKYARD and spacious living area.
303000.0,1388.0,5,1,1,31,Rural,13.97,2.99,7,2023-08-21,,yes,Yes,Needs some TLC but great potential.
248000.0,1895.0,5,3,1,31,Midtown,15.18,2.88,5,2023-02-05,,Yes,Yes,needs-work
316000.0,1575.0,2,2,0,29,Suburb,6.69,3.3,5,2024-02-17,136.34,no,No,nan
292000.0,1710.0,4,3,2,48,suburb,13.54,2.31,6,2024-04-06,112.99,No,No,Needs some TLC but great potential.
283000.0,2294.0,5,1,1,12,Rural,11.66,3.17,7,2023-01-04,,No,No,Quiet neighborhood; low crime-rate!
346000.0,2835.0,2,1,2,0,Down Town,4.67,3.19,10,2023-02-13,,no,Unknown,close to public transport and schools.
357000.0,2197.0,2,3,0,33,Midtown,14.0,4.36,10,2024-07-21,,Yes,No,Quiet neighborhood; low crime-rate!
260000.0,1402.0,5,2,1,14,Down Town,10.76,3.14,8,2024-07-07,,Yes,No,Quiet neighborhood; low crime-rate!
257000.0,2222.0,4,2,1,43,Suburb,1.29,3.15,9,2023-09-12,192.5,No,No,Quiet neighborhood; low crime-rate!
279000.0,2598.0,2,2,0,13,downtown,8.53,3.77,4,2023-04-24,,Yes,No,Quiet neighborhood; low crime-rate!
508000.0,5085.0,3,2,1,28,Downtown,10.2,4.3,5,2024-02-01,307.52,No,No,LARGE BACKYARD and spacious living area.
186000.0,1933.0,4,3,0,33,suburb,6.97,1.52,5,2023-06-23,158.41,Yes,No,Quiet neighborhood; low crime-rate!
403000.0,2007.0,4,3,1,17,Rural,16.14,1.12,8,2023-09-12,,no,Yes,close to public transport and schools.
423000.0,1608.0,5,1,0,6,Downtown,16.32,5.54,9,2024-04-10,226.04,Y,No,Quiet neighborhood; low crime-rate!
281000.0,2324.0,5,2,1,28,Rural,8.09,4.06,7,2023-10-04,,Yes,No,Needs some TLC but great potential.
343000.0,1940.0,3,2,2,30,suburb,7.54,2.67,5,2024-04-08,169.57,yes,No,LARGE BACKYARD and spacious living area.
323000.0,2210.0,2,2,2,24,Down Town,9.34,3.03,3,2024-05-16,,No,No,Needs some TLC but great potential.
531000.0,1556.0,5,3,2,37,Downtown,9.0,2.41,1,2024-03-16,183.09,No,No,LARGE BACKYARD and spacious living area.
384000.0,1781.0,5,2,1,13,Suburb,7.04,3.32,9,2023-03-10,112.42,No,no,Needs some TLC but great potential.
290000.0,2361.0,4,3,1,7,downtown,0.5,1.54,5,2024-05-23,308.99,Y,No,Recently renovated with modern finishes.
228000.0,1814.0,5,2,2,26,Suburb,18.77,4.26,9,2023-11-22,95.46,No,yes,nan
180000.0,2863.0,5,2,2,1,downtown,10.0,3.26,10,2023-03-08,196.53,Y,No,nan
315000.0,1800.0,5,1,0,16,Midtown,9.11,3.32,4,2023-10-31,,Yes,yes,LARGE BACKYARD and spacious living area.
243000.0,2112.0,5,2,0,36,Rural,11.63,1.66,5,2024-04-28,,,No,Recently renovated with modern finishes.
193000.0,2466.0,4,2,0,13,Downtown,9.6,3.79,4,2024-07-01,263.88,N,no,close to public transport and schools.
252000.0,1291.0,3,1,2,24,Downtown,7.85,1.69,2,2024-02-21,240.49,Yes,No,Recently renovated with modern finishes.
219000.0,1120.0,3,3,2,29,Midtown,4.97,1.96,1,2023-06-08,,N,No,needs-work
427000.0,1237.0,2,3,2,28,downtown,0.81,3.13,8,2023-05-29,263.09,No,Yes,LARGE BACKYARD and spacious living area.
366000.0,2631.0,5,2,0,19,Down Town,3.23,6.76,4,2023-01-27,,Yes,No,Recently renovated with modern finishes.
299000.0,1724.0,4,3,1,20,suburb,4.42,3.26,5,2024-08-06,113.48,Yes,No,close to public transport and schools.
411000.0,3279.0,2,2,2,21,Suburb,13.25,0.0,6,2023-09-05,157.67,Yes,No,LARGE BACKYARD and spacious living area.
306000.0,1718.0,2,1,1,34,Midtown,13.62,2.04,8,2023-04-11,,yes,No,nan
235000.0,2092.0,3,1,1,36,Rural,5.59,4.03,8,2024-12-02,,No,Yes,Quiet neighborhood; low crime-rate!
414000.0,2771.0,4,2,1,15,Midtown,0.5,1.31,7,2023-04-06,,No,No,Recently renovated with modern finishes.
340000.0,3003.0,4,1,0,49,Suburb,10.05,4.25,4,2024-01-19,154.42,Yes,No,nan
222000.0,3031.0,4,1,1,48,Suburb,7.89,3.24,6,2023-10-09,114.32,No,Yes,nan
286000.0,2604.0,3,2,2,42,Rural,7.77,4.49,4,2023-11-18,,No,no,Needs some TLC but great potential.
234000.0,2512.0,3,2,0,16,Rural,14.78,2.16,7,2024-01-31,,N,,close to public transport and schools.
196000.0,2296.0,3,1,2,15,Downtown,10.69,2.04,1,2023-10-05,277.33,,yes,needs-work
369000.0,2389.0,3,3,2,1,Suburb,5.12,3.85,5,2024-06-12,190.91,No,Unknown,Quiet neighborhood; low crime-rate!
443000.0,1724.0,3,3,0,3,suburb,3.97,2.99,10,2023-09-20,164.29,No,Yes,Recently renovated with modern finishes.
195000.0,1591.0,5,2,2,20,suburb,8.69,2.9,10,2024-09-10,115.71,No,,nan
342000.0,1998.0,5,2,2,38,downtown,5.47,5.35,4,2024-08-02,272.75,yes,No,nan
251000.0,1915.0,4,3,0,33,Midtown,9.64,3.91,7,2024-10-01,,Yes,No,needs-work
263000.0,1773.0,2,1,2,29,Rural,15.13,0.02,9,2023-10-20,,No,Unknown,close to public transport and schools.
256000.0,2348.0,4,3,1,5,Downtown,3.1,4.2,5,2023-10-21,307.57,N,No,Quiet neighborhood; low crime-rate!
235000.0,2478.0,2,3,2,16,suburb,10.44,4.05,4,2024-08-30,158.22,Yes,No,Quiet neighborhood; low crime-rate!
304000.0,2044.0,3,3,1,38,Down Town,14.58,4.78,9,2024-01-30,,Yes,Yes,needs-work
238000.0,2739.0,2,3,2,24,Downtown,9.57,1.59,5,2024-05-27,290.83,Y,No,nan
320000.0,1429.0,4,2,0,4,Downtown,13.61,3.49,9,2023-06-29,299.5,Yes,No,nan
296000.0,1903.0,4,2,0,4,suburb,8.56,3.17,8,2024-11-23,147.38,No,No,nan
282000.0,1642.0,2,1,2,19,Down Town,10.85,1.56,4,2023-08-23,,No,Yes,nan
232000.0,1067.0,5,1,0,15,downtown,12.2,4.42,7,2023-12-03,258.22,No,No,Needs some TLC but great potential.
257000.0,1959.0,3,1,2,40,suburb,7.14,2.64,5,2023-01-08,116.79,Yes,No,Needs some TLC but great potential.
357000.0,1939.0,3,1,0,36,Down Town,19.95,4.73,10,2024-03-18,,no,No,needs-work
338000.0,2757.0,4,3,1,39,Downtown,12.89,1.89,4,2024-06-22,262.08,Yes,no,Quiet neighborhood; low crime-rate!
227000.0,2315.0,5,2,2,8,Down Town,16.51,0.81,5,2024-10-19,,N,No,LARGE BACKYARD and spacious living area.
307000.0,1488.0,2,2,1,4,Downtown,15.36,2.64,5,2023-04-01,240.13,Yes,yes,Recently renovated with modern finishes.
356000.0,2927.0,3,1,1,41,Midtown,11.64,3.35,9,2023-09-29,,No,Yes,close to public transport and schools.
175000.0,2611.0,5,1,2,1,suburb,16.93,2.2,9,2023-01-05,204.28,Yes,No,LARGE BACKYARD and spacious living area.
341000.0,2291.0,3,3,1,8,Rural,10.94,0.0,6,2024-08-16,,Yes,No,Needs some TLC but great potential.
250000.0,1887.0,5,3,2,42,suburb,6.35,3.58,4,2023-08-07,,Yes,No,Needs some TLC but great potential.
343000.0,1520.0,5,1,1,35,Midtown,10.07,3.57,2,2023-04-28,,No,Yes,Needs some TLC but great potential.
243000.0,1814.0,4,2,2,21,Suburb,4.97,4.03,3,2024-08-15,149.21,No,No,LARGE BACKYARD and spacious living area.
165000.0,2544.0,3,2,2,21,Suburb,0.5,2.43,2,2024-08-04,146.17,Yes,No,Needs some TLC but great potential.
178000.0,2942.0,2,2,0,21,Suburb,5.74,2.35,5,2023-04-25,176.78,,No,LARGE BACKYARD and spacious living area.
304000.0,2772.0,4,1,2,33,suburb,10.36,5.16,6,2023-09-20,147.4,Yes,No,Needs some TLC but great potential.
319000.0,1756.0,4,2,2,28,downtown,15.31,0.64,5,2023-11-02,243.95,No,,nan
232000.0,1440.0,2,3,1,37,suburb,5.72,2.63,2,2024-10-15,155.78,Yes,No,nan
348000.0,2070.0,4,3,2,45,Midtown,15.05,3.21,5,2024-02-26,,No,No,Recently renovated with modern finishes.
175000.0,1116.0,5,1,0,32,Midtown,3.95,3.91,9,2023-07-26,,N,No,Needs some TLC but great potential.
295000.0,2162.0,5,3,1,17,Rural,5.4,3.25,4,2024-09-14,,No,No,needs-work
209000.0,1926.0,3,1,1,6,Down Town,17.25,1.62,10,2023-10-30,,Yes,yes,Recently renovated with modern finishes.
251000.0,1767.0,3,2,0,0,suburb,10.24,4.75,2,2023-04-22,166.42,Yes,,LARGE BACKYARD and spacious living area.
304000.0,1203.0,2,2,1,32,suburb,9.13,3.0,3,2024-02-21,121.96,N,No,Recently renovated with modern finishes.
235000.0,2257.0,3,2,1,0,Downtown,11.18,0.5,3,2024-07-08,288.77,Yes,No,Needs some TLC but great potential.
271000.0,1734.0,5,3,1,23,Midtown,3.97,3.31,9,2023-10-12,,No,No,LARGE BACKYARD and spacious living area.
375000.0,1415.0,2,1,1,3,Downtown,8.35,3.71,4,2024-10-01,211.87,Yes,No,needs-work
257000.0,564.0,2,2,0,3,Downtown,10.01,5.94,1,2023-07-04,252.65,Yes,No,LARGE BACKYARD and spacious living area.
363000.0,1986.0,3,1,0,17,suburb,16.16,3.61,1,2023-08-09,148.48,Yes,no,nan
215000.0,2886.0,5,2,1,26,downtown,1.65,0.78,7,2024-03-19,232.16,no,No,LARGE BACKYARD and spacious living area.
340000.0,2831.0,2,3,1,42,Down Town,18.81,0.83,7,2023-04-27,,N,Yes,LARGE BACKYARD and spacious living area.
408000.0,1771.0,5,3,0,31,Down Town,9.38,4.89,2,2023-03-11,,No,Yes,Recently renovated with modern finishes.
115000.0,1699.0,5,1,0,32,Midtown,4.45,1.8,9,,,Yes,no,needs-work
240000.0,2234.0,5,3,0,27,Rural,3.54,0.68,9,,,No,Yes,Quiet neighborhood; low crime-rate!
343000.0,1501.0,3,3,1,41,Midtown,11.37,4.5,5,2024-03-02,,No,No,LARGE BACKYARD and spacious living area.
285000.0,2151.0,4,1,1,40,downtown,3.26,2.29,3,2024-10-05,274.79,No,No,close to public transport and schools.
328000.0,2383.0,4,2,2,35,downtown,7.2,4.42,3,2024-07-21,288.13,Yes,Yes,Quiet neighborhood; low crime-rate!
255000.0,2613.0,2,3,0,5,Down Town,8.75,1.63,3,2024-03-18,,,Yes,nan
306000.0,1950.0,5,1,1,15,Suburb,15.72,5.21,6,2024-08-23,146.56,No,No,needs-work
288000.0,1898.0,3,3,0,33,Downtown,15.09,4.31,4,2023-05-17,255.92,no,Yes,needs-work
388000.0,1561.0,5,3,1,22,Downtown,6.79,1.92,8,2024-05-18,263.16,Yes,No,nan
319000.0,1587.0,5,3,0,49,Down Town,8.94,0.51,5,2023-05-11,,Yes,No,LARGE BACKYARD and spacious living area.
325000.0,1887.0,3,3,1,41,Midtown,2.02,6.46,1,2023-08-06,,Yes,No,Recently renovated with modern finishes.
269000.0,2184.0,4,1,2,23,downtown,0.5,2.68,9,2024-11-18,179.12,N,No,Quiet neighborhood; low crime-rate!
263000.0,2457.0,5,1,2,48,Midtown,3.85,1.86,1,2023-06-20,,No,No,nan
268000.0,1598.0,5,1,0,12,Rural,15.62,5.08,6,,,yes,No,nan
330000.0,2746.0,4,3,1,17,Suburb,13.9,4.42,1,2024-09-03,159.9,yes,No,close to public transport and schools.
268000.0,1864.0,3,3,1,12,Down Town,11.92,4.77,3,2023-05-09,,Y,No,LARGE BACKYARD and spacious living area.
322000.0,1989.0,2,3,0,48,Downtown,2.71,2.85,10,2023-02-26,296.89,Y,,Quiet neighborhood; low crime-rate!
456000.0,1626.0,4,1,1,36,suburb,6.44,5.82,5,2023-06-30,136.75,N,No,nan
365000.0,788.0,2,3,0,42,Midtown,5.71,1.03,10,2023-09-03,,Y,No,needs-work
276000.0,2442.0,2,2,1,38,downtown,9.17,2.17,7,2023-05-24,229.01,No,No,nan
390000.0,2368.0,4,3,0,41,suburb,8.85,3.58,10,2023-02-20,,Y,No,nan
269000.0,1859.0,5,2,1,16,Rural,4.99,4.75,8,2024-01-03,,no,Yes,nan
147000.0,2033.0,2,3,0,14,Down Town,11.75,3.99,9,2024-04-03,,No,No,Recently renovated with modern finishes.
224000.0,2258.0,2,1,1,17,Midtown,11.14,2.88,6,2023-08-06,,no,No,Needs some TLC but great potential.
160000.0,1219.0,3,3,2,22,Downtown,6.36,2.29,9,2024-09-07,320.11,Yes,No,close to public transport and schools.
274000.0,1735.0,5,2,1,29,Midtown,11.52,4.76,8,2024-07-20,,No,yes,needs-work
301000.0,2397.0,2,2,0,33,Suburb,15.62,4.15,9,2023-09-14,160.83,Yes,No,Recently renovated with modern finishes.
426000.0,1373.0,3,3,2,3,suburb,17.14,1.69,10,2023-06-05,,Yes,No,close to public transport and schools.
325000.0,2147.0,5,2,1,2,Suburb,12.45,1.64,4,2024-07-18,166.67,yes,,nan
284000.0,1322.0,4,2,2,6,Rural,12.31,2.18,9,2024-03-17,,no,No,close to public transport and schools.
362000.0,2233.0,4,1,1,17,Downtown,8.8,1.99,7,2024-11-29,265.95,N,Unknown,LARGE BACKYARD and spacious living area.
134000.0,1982.0,3,3,2,41,suburb,15.15,4.54,5,2024-10-23,133.21,,Unknown,LARGE BACKYARD and spacious living area.
318000.0,1192.0,4,3,0,6,Rural,4.65,3.65,5,2024-12-23,,Yes,no,Needs some TLC but great potential.
358000.0,2582.0,2,3,1,39,Suburb,14.57,3.84,1,2023-01-25,121.49,Yes,Yes,Needs some TLC but great potential.
189000.0,1633.0,5,2,1,5,Suburb,8.56,3.29,2,2024-10-25,196.72,No,No,close to public transport and schools.
386000.0,1595.0,2,3,0,21,suburb,17.45,3.36,10,2024-06-19,166.84,yes,No,Recently renovated with modern finishes.
325000.0,2100.0,2,3,2,0,Downtown,12.94,0.63,3,2023-03-01,262.04,Yes,No,Recently renovated with modern finishes.
269000.0,2574.0,4,1,0,3,Suburb,9.66,4.19,8,2024-04-11,218.89,,No,nan
347000.0,1492.0,2,1,0,45,Down Town,8.82,2.15,6,2024-03-09,,Y,No,Recently renovated with modern finishes.
470000.0,2031.0,4,1,2,48,Rural,12.63,2.95,10,2023-03-07,,,No,Needs some TLC but great potential.
314000.0,2214.0,5,2,0,49,suburb,12.39,2.29,5,2024-07-18,109.26,No,No,Recently renovated with modern finishes.
319000.0,2347.0,5,3,1,42,downtown,8.01,3.22,1,2023-04-16,335.9,No,No,nan
266000.0,2088.0,2,1,1,28,downtown,10.46,3.86,9,2023-04-06,259.27,N,No,LARGE BACKYARD and spacious living area.
236000.0,1816.0,3,1,1,20,Downtown,14.48,1.49,3,2024-11-18,176.99,N,Yes,Recently renovated with modern finishes.
362000.0,1586.0,4,1,0,25,Down Town,3.18,3.38,3,2024-07-04,,Yes,No,Recently renovated with modern finishes.
236000.0,2043.0,4,3,1,13,Suburb,13.63,2.33,2,2023-06-17,160.81,no,No,Needs some TLC but great potential.
305000.0,1464.0,2,3,1,8,downtown,12.61,4.98,4,2023-02-11,243.34,no,No,close to public transport and schools.
264000.0,539.0,4,3,1,46,Downtown,15.93,1.33,2,2023-04-14,229.43,Yes,Yes,LARGE BACKYARD and spacious living area.
336000.0,2218.0,4,2,1,11,Rural,6.42,1.5,9,2023-07-23,,Yes,No,close to public transport and schools.
325000.0,2452.0,3,2,1,41,Down Town,10.03,2.46,10,2024-06-03,,No,No,nan
378000.0,819.0,3,1,1,5,Down Town,11.03,1.61,7,2023-10-09,,No,No,nan
262000.0,1495.0,2,3,0,19,Midtown,13.69,2.66,8,2023-02-12,,N,Unknown,close to public transport and schools.
280000.0,2310.0,3,1,1,23,Downtown,12.15,2.21,3,,188.7,Yes,No,Needs some TLC but great potential.
227000.0,3029.0,2,3,1,26,Downtown,3.8,3.13,6,2023-07-29,235.67,Y,yes,Quiet neighborhood; low crime-rate!
267000.0,2010.0,5,3,2,37,Midtown,11.46,4.51,10,2023-02-18,,Y,No,Needs some TLC but great potential.
328000.0,1636.0,2,3,0,7,Suburb,20.02,3.11,6,2023-04-25,162.73,Yes,No,Quiet neighborhood; low crime-rate!
357000.0,1909.0,5,2,0,0,Downtown,13.06,3.24,1,,321.74,No,No,Quiet neighborhood; low crime-rate!
231000.0,2687.0,2,2,0,48,Midtown,18.19,1.41,6,2024-10-10,,Yes,Yes,Needs some TLC but great potential.
365000.0,1677.0,4,3,0,48,Suburb,15.22,2.8,3,2024-05-17,164.57,Yes,Yes,Quiet neighborhood; low crime-rate!
402000.0,1600.0,3,1,1,23,Suburb,16.81,2.37,3,2024-11-09,101.5,No,Yes,Quiet neighborhood; low crime-rate!
331000.0,1759.0,5,3,1,46,suburb,11.55,4.02,3,2024-12-11,206.67,,No,Quiet neighborhood; low crime-rate!
441000.0,1523.0,2,3,2,6,Down Town,12.61,1.85,10,2023-03-12,,Yes,No,LARGE BACKYARD and spacious living area.
242000.0,2061.0,3,1,2,18,Rural,11.28,1.71,10,2024-06-02,,No,No,nan
207000.0,2812.0,2,3,0,21,Down Town,10.02,3.48,8,2024-12-12,,Yes,No,Quiet neighborhood; low crime-rate!
167000.0,2162.0,3,1,2,34,Down Town,13.71,5.97,5,2023-12-02,,Yes,,nan
412000.0,1874.0,3,2,2,29,suburb,7.39,2.74,4,2023-03-08,165.94,No,No,needs-work
349000.0,1854.0,2,2,0,28,Suburb,19.43,3.25,9,2024-05-07,146.46,N,No,nan
296000.0,1218.0,5,1,0,21,Suburb,5.36,4.42,9,2024-10-11,129.52,Yes,Yes,needs-work
321000.0,2442.0,5,2,2,10,Downtown,14.06,3.76,1,2023-08-01,189.98,,no,LARGE BACKYARD and spacious living area.
216000.0,1961.0,4,2,1,19,suburb,16.89,3.77,2,2023-06-30,106.03,Yes,No,nan
483000.0,1910.0,3,1,2,28,Downtown,9.12,2.86,8,2024-09-04,231.72,no,yes,close to public transport and schools.
310000.0,3597.0,4,2,2,40,suburb,4.44,2.89,5,2024-08-21,138.39,no,No,Recently renovated with modern finishes.
308000.0,2149.0,4,3,1,41,Downtown,15.78,1.87,7,2024-11-27,239.08,No,Unknown,LARGE BACKYARD and spacious living area.
354000.0,1624.0,2,3,1,33,downtown,11.02,3.73,1,2024-08-25,235.83,Yes,No,Recently renovated with modern finishes.
336000.0,1787.0,2,1,0,0,Midtown,14.07,3.7,10,2023-09-05,,No,No,close to public transport and schools.
317000.0,2574.0,2,2,0,30,Down Town,9.45,4.08,5,2023-08-02,,Y,No,Needs some TLC but great potential.
241000.0,2057.0,3,3,2,29,Down Town,18.66,2.27,3,2023-12-25,,no,No,Needs some TLC but great potential.
335000.0,1281.0,2,3,1,47,Rural,0.5,4.25,10,2023-09-06,,No,Unknown,Quiet neighborhood; low crime-rate!
441000.0,2460.0,2,2,0,17,Midtown,11.88,4.7,2,2024-09-29,,No,No,Needs some TLC but great potential.
401000.0,1666.0,3,2,2,16,Suburb,16.71,1.18,2,2024-05-30,133.95,yes,No,LARGE BACKYARD and spacious living area.
419000.0,2937.0,3,3,1,37,Rural,10.53,2.55,9,2023-03-29,,,,Needs some TLC but great potential.
262000.0,2540.0,5,3,2,13,downtown,11.51,4.76,4,2024-10-24,330.56,Y,No,LARGE BACKYARD and spacious living area.
226000.0,1776.0,2,1,0,22,Rural,7.83,2.03,4,2023-06-25,,no,,LARGE BACKYARD and spacious living area.
291000.0,2641.0,2,1,0,24,Down Town,10.1,3.79,7,2024-12-23,,No,No,Recently renovated with modern finishes.
304000.0,2034.0,2,3,1,14,Suburb,1.64,3.01,10,2024-03-01,158.7,Y,no,Needs some TLC but great potential.
382000.0,2426.0,5,1,2,45,downtown,6.41,3.5,10,2024-08-25,215.53,Y,Yes,nan
173000.0,2242.0,2,3,1,21,Down Town,6.07,3.06,2,2024-12-03,,N,No,needs-work
415000.0,1577.0,5,3,0,2,Midtown,13.35,4.12,3,2023-03-22,,No,No,Needs some TLC but great potential.
288000.0,1678.0,4,1,0,18,Downtown,7.14,1.47,3,2023-05-18,140.28,No,No,Needs some TLC but great potential.
268000.0,2515.0,5,1,2,43,suburb,7.29,1.63,6,2024-03-08,161.64,No,No,Needs some TLC but great potential.
224000.0,1833.0,4,2,2,33,downtown,8.11,5.2,3,2024-04-14,178.28,No,No,Quiet neighborhood; low crime-rate!
176000.0,1798.0,2,2,2,34,Suburb,6.26,6.15,5,2023-12-16,184.81,No,,nan
362000.0,1522.0,4,2,1,49,Rural,11.35,2.99,4,2023-05-06,,N,,nan
305000.0,2212.0,5,3,2,0,Midtown,11.89,5.57,3,2023-11-05,,No,,LARGE BACKYARD and spacious living area.
203000.0,3031.0,3,1,2,20,Rural,14.13,1.84,8,2023-08-18,,Yes,,nan
203000.0,1466.0,4,3,0,28,downtown,13.26,2.2,10,2024-04-04,188.04,yes,No,LARGE BACKYARD and spacious living area.
275000.0,2012.0,4,1,0,5,Midtown,12.76,5.19,3,2023-12-11,,no,,needs-work
425000.0,2706.0,2,3,2,36,Suburb,8.36,4.21,6,2023-11-06,126.77,No,yes,Recently renovated with modern finishes.
281000.0,1960.0,5,2,2,0,downtown,8.03,5.41,7,2023-01-20,352.07,Yes,No,LARGE BACKYARD and spacious living area.
187000.0,2226.0,4,2,0,0,Suburb,5.64,3.7,7,2024-07-14,143.03,no,No,Needs some TLC but great potential.
282000.0,1469.0,4,2,2,26,Rural,5.55,1.48,2,,,no,no,close to public transport and schools.
280000.0,2214.0,4,3,1,20,Down Town,10.97,3.34,3,2024-06-24,,Yes,No,close to public transport and schools.
98000.0,1906.0,4,1,1,15,Midtown,6.4,4.8,10,2024-07-13,,Yes,No,Quiet neighborhood; low crime-rate!
296000.0,2493.0,3,1,1,43,Downtown,17.34,2.8,10,2024-04-21,222.46,No,Yes,Needs some TLC but great potential.
283000.0,2594.0,5,2,2,39,Down Town,9.81,2.57,4,2023-09-26,,Y,Unknown,LARGE BACKYARD and spacious living area.
352000.0,3295.0,2,2,0,25,Downtown,17.51,3.73,7,2023-01-03,219.71,Yes,,Needs some TLC but great potential.
439000.0,2290.0,2,2,2,15,Rural,12.86,2.16,2,2023-01-16,,No,No,Quiet neighborhood; low crime-rate!
384000.0,2163.0,3,2,2,27,Midtown,6.11,3.44,3,2024-08-28,,No,No,nan
280000.0,2097.0,5,1,0,0,Down Town,9.69,3.1,7,2023-12-24,,no,No,LARGE BACKYARD and spacious living area.
217000.0,1823.0,4,3,0,35,Down Town,1.63,2.26,7,2024-10-07,,No,No,needs-work
493000.0,2169.0,3,3,0,9,downtown,10.95,4.47,10,2023-05-13,260.68,No,No,Needs some TLC but great potential.
304000.0,1852.0,5,3,1,42,suburb,6.57,3.97,3,2023-11-08,149.13,,No,nan
301000.0,2084.0,4,3,2,16,Rural,4.43,2.47,1,2024-04-26,,Yes,,Quiet neighborhood; low crime-rate!
298000.0,2659.0,3,2,0,22,Suburb,17.61,2.98,3,2024-06-27,148.84,Yes,No,nan
315000.0,1497.0,5,2,2,6,Rural,15.15,2.59,5,,,N,No,LARGE BACKYARD and spacious living area.
289000.0,2570.0,2,2,1,43,Suburb,15.02,2.04,7,2023-09-26,233.54,Yes,no,Quiet neighborhood; low crime-rate!
257000.0,2659.0,2,3,1,6,Midtown,13.91,0.45,4,2024-02-18,,yes,No,Quiet neighborhood; low crime-rate!
259000.0,1941.0,5,2,0,43,Suburb,3.83,2.27,1,2023-01-25,184.88,Yes,Yes,Quiet neighborhood; low crime-rate!
298000.0,939.0,2,2,0,14,Downtown,8.0,2.06,6,2023-11-12,191.02,Yes,No,Recently renovated with modern finishes.
259000.0,1696.0,5,1,2,33,Suburb,8.3,3.17,2,2024-07-24,89.17,no,No,Quiet neighborhood; low crime-rate!
247000.0,2648.0,4,1,0,45,Suburb,1.45,3.66,3,2024-12-25,132.99,No,Unknown,Recently renovated with modern finishes.
308000.0,1989.0,5,2,2,44,downtown,7.21,1.8,4,2024-10-29,273.11,N,no,nan
281000.0,1500.0,4,1,0,3,Down Town,7.27,3.56,6,2023-10-03,,Yes,No,needs-work
413000.0,1748.0,3,1,2,13,Rural,10.63,1.57,6,2024-01-24,,Yes,No,Recently renovated with modern finishes.
101000.0,2420.0,5,2,2,13,Rural,22.66,2.81,7,2024-12-22,,yes,Yes,nan
382000.0,2273.0,3,2,2,15,Midtown,9.9,2.1,5,,,No,No,Recently renovated with modern finishes.
393000.0,1881.0,2,2,2,6,Midtown,10.63,4.12,7,2024-03-02,,No,No,nan
144000.0,1817.0,4,2,1,31,Suburb,8.75,3.18,2,2023-02-26,189.84,Yes,No,nan
274000.0,1804.0,5,3,2,18,suburb,13.69,2.83,1,2024-11-27,120.85,No,No,needs-work
272000.0,1539.0,3,3,0,1,Rural,4.63,2.06,10,2024-07-19,,N,,Quiet neighborhood; low crime-rate!
194000.0,2808.0,4,2,1,9,Midtown,19.48,2.51,8,2024-12-21,,yes,no,needs-work
242000.0,1839.0,4,1,1,49,Suburb,9.38,5.74,1,2024-01-03,112.89,Y,No,needs-work
217000.0,2609.0,2,2,2,16,Midtown,8.02,2.25,2,2023-12-08,,Y,No,Quiet neighborhood; low crime-rate!
431000.0,2761.0,2,2,1,36,Downtown,14.85,3.72,10,2023-10-31,243.96,No,No,nan
370000.0,2499.0,4,1,2,11,Downtown,5.55,2.83,6,2024-01-09,221.31,No,No,Quiet neighborhood; low crime-rate!
395000.0,1784.0,4,3,0,5,Midtown,13.6,3.68,1,2023-04-22,,N,No,nan
354000.0,2202.0,5,2,2,21,Downtown,17.03,4.26,10,2023-01-06,249.23,Yes,No,Quiet neighborhood; low crime-rate!
215000.0,1988.0,4,2,1,31,Midtown,8.79,2.47,3,2024-12-03,,Yes,No,close to public transport and schools.
261000.0,1548.0,5,3,0,40,Suburb,20.26,4.06,7,2023-10-06,99.05,no,No,Recently renovated with modern finishes.
337000.0,2162.0,4,3,2,19,downtown,13.22,7.13,8,2024-01-17,296.31,Yes,No,needs-work
208000.0,1410.0,2,1,0,0,suburb,13.28,3.85,4,2023-01-13,122.19,Yes,No,nan
353000.0,2594.0,5,3,0,46,Suburb,16.83,5.42,3,2023-10-30,118.55,No,No,Needs some TLC but great potential.
282000.0,1768.0,3,3,1,5,downtown,18.15,3.72,1,2024-07-09,171.55,N,Yes,Quiet neighborhood; low crime-rate!
272000.0,2101.0,2,3,0,18,downtown,11.31,1.6,9,2024-09-08,208.71,No,No,Quiet neighborhood; low crime-rate!
353000.0,2142.0,5,1,1,17,Rural,13.98,3.41,10,2023-06-09,,No,No,LARGE BACKYARD and spacious living area.
333000.0,1871.0,5,3,0,5,Suburb,16.98,2.5,6,2023-06-03,172.99,,No,Needs some TLC but great potential.
273000.0,2293.0,3,3,2,44,Suburb,4.19,2.11,6,2023-06-30,,N,,Needs some TLC but great potential.
387000.0,1763.0,5,1,0,32,Midtown,1.35,2.89,9,2024-06-09,,yes,No,needs-work
219000.0,2436.0,4,3,2,22,downtown,9.71,2.77,1,2023-06-29,146.26,Yes,No,close to public transport and schools.
346000.0,1327.0,3,3,2,22,downtown,1.23,1.41,6,2024-01-12,,Yes,No,Recently renovated with modern finishes.
344000.0,2063.0,2,1,0,25,downtown,8.43,7.06,5,2023-06-17,348.86,No,yes,close to public transport and schools.
277000.0,2969.0,2,2,2,12,Midtown,11.57,4.21,6,2023-08-02,,Yes,Unknown,Recently renovated with modern finishes.
324000.0,1500.0,4,1,0,6,Rural,8.62,3.37,8,2023-05-30,,Yes,No,nan
206000.0,1661.0,2,3,0,14,Suburb,9.29,3.13,5,2023-01-16,146.36,Yes,No,needs-work
369000.0,2257.0,5,3,2,43,downtown,4.99,4.8,2,2023-04-01,161.91,No,Yes,close to public transport and schools.
286000.0,2090.0,5,3,2,26,Downtown,13.94,6.11,2,2023-04-30,299.66,Y,,LARGE BACKYARD and spacious living area.
261000.0,2175.0,4,1,1,25,Suburb,4.68,4.03,10,2023-09-10,100.6,N,No,Recently renovated with modern finishes.
379000.0,2245.0,2,3,2,32,Midtown,0.5,3.18,5,2023-03-01,,Yes,Unknown,close to public transport and schools.
247000.0,2317.0,2,3,1,14,Rural,8.96,5.21,3,2023-09-23,,No,No,needs-work
194000.0,2555.0,4,1,2,35,Downtown,14.58,3.21,10,2024-02-13,247.4,Yes,No,LARGE BACKYARD and spacious living area.
183000.0,2205.0,3,2,0,44,Midtown,10.4,3.65,3,2023-01-31,,No,,needs-work
345000.0,1879.0,2,2,2,26,Down Town,4.18,4.5,8,2023-01-21,,No,yes,Needs some TLC but great potential.
204000.0,2336.0,3,3,0,4,Suburb,10.51,2.42,7,2024-08-15,195.49,No,No,Quiet neighborhood; low crime-rate!
432000.0,2950.0,2,1,0,1,Down Town,12.19,0.0,1,2023-10-16,,no,No,nan
144000.0,1934.0,2,3,0,32,Midtown,10.45,2.35,5,2024-06-26,,yes,No,needs-work
427000.0,1513.0,2,1,1,15,Midtown,8.68,4.16,9,2024-05-12,,Y,No,nan
316000.0,2554.0,2,1,2,22,Midtown,12.43,4.05,4,2024-04-18,,no,No,needs-work
293000.0,1940.0,5,2,0,37,downtown,1.31,5.01,1,2024-02-09,300.76,Y,No,Needs some TLC but great potential.
259000.0,914.0,3,2,0,15,Rural,5.53,2.4,8,2024-07-01,,yes,No,needs-work
330000.0,2424.0,3,1,1,13,downtown,3.47,5.37,5,2023-05-12,308.48,No,No,needs-work
297000.0,1732.0,2,3,2,28,Rural,16.74,3.28,2,2023-11-20,,No,No,close to public transport and schools.
383000.0,1955.0,2,2,2,25,suburb,13.56,3.91,1,2023-05-12,197.44,N,No,Quiet neighborhood; low crime-rate!
309000.0,2166.0,3,3,1,34,downtown,10.93,4.36,3,2024-06-04,277.98,Yes,No,Needs some TLC but great potential.
311000.0,2095.0,5,2,1,14,Down Town,2.75,0.93,9,2023-01-30,,Y,No,LARGE BACKYARD and spacious living area.
273000.0,2355.0,4,2,2,2,Rural,13.72,1.49,1,2024-09-18,,no,Yes,Quiet neighborhood; low crime-rate!
296000.0,1782.0,4,3,1,22,downtown,16.93,1.44,4,2023-10-28,197.02,N,No,Recently renovated with modern finishes.
323000.0,2257.0,3,2,2,28,Suburb,12.86,4.61,8,2023-01-04,129.16,Yes,No,close to public transport and schools.
172000.0,1870.0,2,2,2,33,Midtown,9.82,2.54,8,2023-11-21,,No,No,Quiet neighborhood; low crime-rate!
199000.0,2369.0,2,3,0,32,Rural,13.16,6.04,10,2024-05-23,,yes,No,Recently renovated with modern finishes.
356000.0,2308.0,5,2,0,40,Rural,11.36,3.01,8,2023-08-25,,,No,Needs some TLC but great potential.
313000.0,1532.0,4,2,2,40,downtown,14.63,0.79,10,2024-06-18,286.61,No,No,needs-work
286000.0,2543.0,5,2,2,22,suburb,14.52,1.99,8,2023-01-16,123.31,yes,yes,nan
301000.0,1732.0,4,3,2,6,downtown,8.89,3.18,4,2024-06-17,277.72,no,,Quiet neighborhood; low crime-rate!
326000.0,2404.0,3,1,2,2,Down Town,6.7,3.77,8,2024-08-06,,Yes,Yes,Quiet neighborhood; low crime-rate!
260000.0,2184.0,4,3,2,31,Down Town,8.0,1.52,9,2024-03-21,,yes,No,Recently renovated with modern finishes.
242000.0,2919.0,5,1,2,30,Rural,12.68,3.85,7,2024-05-17,,No,No,Recently renovated with modern finishes.
315000.0,1888.0,5,2,1,17,Rural,8.3,4.25,2,2023-08-18,,No,No,nan
227000.0,1825.0,5,1,2,42,downtown,6.25,2.04,9,2023-04-17,211.69,No,No,Recently renovated with modern finishes.
331000.0,1990.0,3,3,1,6,Down Town,10.0,5.95,8,2024-12-20,,Y,No,Recently renovated with modern finishes.
172000.0,1848.0,4,3,1,40,Down Town,15.54,2.2,5,2024-01-24,,N,No,Quiet neighborhood; low crime-rate!
377000.0,2400.0,4,2,2,0,suburb,10.68,1.5,3,2024-12-20,112.49,No,no,nan
335000.0,1192.0,5,1,2,13,Suburb,8.62,0.71,7,2023-09-20,150.41,no,No,nan
319000.0,1473.0,4,2,1,31,suburb,11.6,4.83,2,2024-07-16,126.51,yes,No,needs-work
374000.0,1466.0,2,2,1,5,Downtown,10.42,3.03,3,2023-03-06,,N,No,Quiet neighborhood; low crime-rate!
425000.0,2475.0,2,3,2,38,Midtown,0.5,2.28,9,2023-09-22,,No,Yes,needs-work
376000.0,2855.0,2,1,2,9,suburb,13.48,0.79,4,2023-12-04,154.66,Yes,No,Needs some TLC but great potential.
162000.0,1948.0,4,1,1,6,downtown,12.04,2.42,4,2023-10-28,262.38,No,No,Needs some TLC but great potential.
204000.0,1916.0,3,1,1,25,Suburb,10.08,6.57,3,2024-01-13,138.82,no,No,Quiet neighborhood; low crime-rate!
253000.0,2035.0,3,1,1,33,downtown,15.31,0.0,5,2023-06-24,173.5,Yes,No,Recently renovated with modern finishes.
302000.0,2581.0,3,2,0,29,Midtown,16.06,2.05,3,2023-06-01,,,Yes,close to public transport and schools.
339000.0,1536.0,3,2,1,35,Downtown,13.99,5.69,9,2024-04-20,227.87,yes,No,Needs some TLC but great potential.
246000.0,2119.0,2,3,0,20,Suburb,5.75,4.87,3,2023-09-23,162.34,N,Yes,Needs some TLC but great potential.
314000.0,2488.0,2,2,2,16,Rural,5.92,2.14,2,2023-11-25,,Y,,Quiet neighborhood; low crime-rate!
243000.0,2251.0,5,2,2,32,Down Town,15.59,3.31,5,2023-06-12,,No,Yes,needs-work
254000.0,2095.0,4,3,1,9,suburb,0.61,3.69,6,2024-03-13,126.55,N,No,Quiet neighborhood; low crime-rate!
195000.0,2501.0,4,3,2,46,downtown,9.26,3.2,1,2023-12-09,165.99,No,,close to public transport and schools.
231000.0,648.0,3,3,2,41,Downtown,12.2,5.68,6,2024-01-02,209.3,yes,No,close to public transport and schools.
199000.0,2339.0,2,2,2,11,Down Town,1.25,3.51,10,2024-04-09,,Y,No,nan
227000.0,1673.0,3,2,2,15,suburb,11.17,4.7,3,2023-07-18,143.79,N,Yes,Quiet neighborhood; low crime-rate!
379000.0,1085.0,5,3,0,40,Down Town,14.77,3.27,4,2024-05-14,,N,No,Needs some TLC but great potential.
229000.0,2256.0,4,3,0,31,suburb,2.57,0.0,6,2023-01-16,169.94,Yes,Yes,needs-work
497000.0,2687.0,4,3,1,14,Rural,18.29,1.21,8,2023-10-23,,Yes,No,needs-work
337000.0,1931.0,3,2,1,26,Suburb,4.95,1.52,9,2024-05-25,,yes,,LARGE BACKYARD and spacious living area.
314000.0,2476.0,5,2,1,27,Down Town,12.87,2.63,6,2023-08-27,,Yes,No,LARGE BACKYARD and spacious living area.
236000.0,2806.0,4,1,2,16,Down Town,9.58,6.12,7,2024-08-03,,No,No,Recently renovated with modern finishes.
353000.0,2657.0,5,2,2,45,Down Town,10.35,3.54,5,2023-10-28,,No,No,Needs some TLC but great potential.
257000.0,2820.0,5,2,0,49,Suburb,3.58,2.84,9,2023-01-06,141.27,Yes,No,LARGE BACKYARD and spacious living area.
309000.0,2371.0,3,2,0,1,Downtown,16.3,4.86,4,2023-08-08,242.9,Yes,No,needs-work
492000.0,2038.0,2,3,1,35,suburb,11.63,0.82,10,2024-03-28,222.01,yes,No,Needs some TLC but great potential.
293000.0,1199.0,3,2,0,49,Rural,18.1,2.27,6,2024-03-08,,Y,No,Quiet neighborhood; low crime-rate!
386000.0,1877.0,2,3,0,6,Down Town,3.71,2.04,5,2024-01-21,,No,No,Needs some TLC but great potential.
247000.0,1578.0,5,1,0,12,Midtown,9.09,3.6,1,2024-09-10,,no,,LARGE BACKYARD and spacious living area.
297000.0,3085.0,2,1,0,14,Suburb,11.05,4.34,5,2023-10-22,158.26,Yes,Unknown,needs-work
433000.0,1912.0,5,3,0,24,Downtown,10.3,3.71,5,2023-04-28,204.59,Yes,No,Needs some TLC but great potential.
253000.0,2062.0,4,3,1,22,suburb,13.33,3.73,9,2024-02-09,188.99,N,No,close to public transport and schools.
436000.0,2276.0,4,3,1,21,Suburb,9.03,2.46,1,2024-11-10,152.63,N,No,Recently renovated with modern finishes.
353000.0,2022.0,4,2,0,25,Rural,20.61,3.48,5,2024-08-16,,No,No,nan
258000.0,2848.0,3,1,1,32,Rural,10.2,1.74,7,2024-07-19,,,Yes,needs-work
347000.0,1689.0,3,3,2,10,suburb,0.5,4.01,6,2023-01-12,176.1,no,No,LARGE BACKYARD and spacious living area.
373000.0,2097.0,5,2,0,9,Down Town,10.42,2.25,6,2023-07-28,,Yes,No,Quiet neighborhood; low crime-rate!
347000.0,1629.0,4,1,2,24,Rural,16.31,1.32,7,2023-06-14,,Yes,No,nan
182000.0,1340.0,3,2,1,36,Downtown,5.38,3.06,6,2023-10-21,261.15,yes,Unknown,Recently renovated with modern finishes.
245000.0,1694.0,4,1,1,47,Suburb,5.07,0.13,5,2024-06-02,124.0,No,No,needs-work
281000.0,1981.0,3,2,2,42,Downtown,5.8,5.21,10,2023-03-19,143.33,Yes,No,needs-work
294000.0,1785.0,2,1,1,37,Down Town,4.62,4.2,5,2024-03-09,,N,No,close to public transport and schools.
347000.0,1654.0,2,1,0,40,Downtown,7.6,3.51,9,2024-07-30,243.46,No,no,close to public transport and schools.
313000.0,1297.0,4,2,2,44,Downtown,14.55,0.56,8,2024-09-05,325.97,No,No,close to public transport and schools.
200000.0,1958.0,5,3,0,23,downtown,17.63,1.95,10,2024-11-13,278.23,Yes,No,close to public transport and schools.
329000.0,1248.0,3,1,2,39,Downtown,0.5,3.06,4,2023-03-18,340.7,Y,No,LARGE BACKYARD and spacious living area.
346000.0,2380.0,3,3,1,45,suburb,8.11,2.61,4,2023-02-17,114.68,No,no,needs-work
342000.0,2041.0,2,2,2,32,Suburb,11.51,0.47,10,2023-03-23,99.17,Yes,No,LARGE BACKYARD and spacious living area.
381000.0,1271.0,2,3,2,16,downtown,11.01,1.03,5,2024-12-21,321.26,No,No,Needs some TLC but great potential.
363000.0,1845.0,5,3,0,23,Suburb,19.5,2.58,3,2023-07-28,,No,no,Quiet neighborhood; low crime-rate!
1336000.0,4872.0,5,3,1,36,Suburb,0.5,1.08,8,2024-03-20,,no,Unknown,Needs some TLC but great potential.
1180000.0,6480.0,5,3,0,1,Down Town,0.5,5.06,7,2024-08-18,,no,No,Quiet neighborhood; low crime-rate!
175000.0,2670.0,4,3,1,31,Down Town,20.31,3.74,5,2024-06-05,,Yes,Yes,Recently renovated with modern finishes.
332000.0,1062.0,2,1,0,23,downtown,13.77,1.79,10,2023-01-29,208.7,N,No,Needs some TLC but great potential.
316000.0,2058.0,4,1,2,8,Rural,7.14,4.75,3,2023-10-31,,N,No,Recently renovated with modern finishes.
320000.0,1920.0,2,1,0,3,Midtown,10.86,4.45,5,2024-04-09,,yes,No,Recently renovated with modern finishes.
204000.0,2336.0,2,2,1,16,Down Town,11.22,3.43,3,2024-05-16,,No,No,Recently renovated with modern finishes.
219000.0,2107.0,3,3,1,16,Midtown,7.02,2.94,10,2024-03-21,,Yes,Yes,close to public transport and schools.
379000.0,1624.0,2,1,2,49,Down Town,10.71,2.55,5,2024-09-19,,N,No,nan
297000.0,1840.0,2,2,1,47,Down Town,11.77,2.19,1,2024-05-04,,Yes,No,nan
351000.0,1602.0,4,1,0,29,Suburb,20.08,0.99,6,2024-03-03,137.21,Yes,No,LARGE BACKYARD and spacious living area.
302000.0,2538.0,2,1,2,39,downtown,14.82,5.29,10,2024-07-12,255.94,Y,No,Recently renovated with modern finishes.
302000.0,2011.0,4,3,1,10,Suburb,18.7,2.22,4,2023-12-25,154.12,,No,close to public transport and schools.
370000.0,2951.0,5,2,1,20,suburb,3.28,3.04,4,2023-04-01,100.45,Yes,No,Needs some TLC but great potential.
261000.0,1970.0,2,3,0,20,Suburb,8.26,1.63,8,2023-02-22,151.03,Y,No,Needs some TLC but great potential.
307000.0,1646.0,2,3,0,17,Midtown,11.21,2.61,2,2024-12-30,,No,Yes,LARGE BACKYARD and spacious living area.
265000.0,1243.0,4,1,2,28,Midtown,0.5,7.28,4,2024-08-11,,no,No,LARGE BACKYARD and spacious living area.
267000.0,1098.0,5,3,1,23,suburb,15.91,1.91,2,2023-07-23,144.69,No,No,Recently renovated with modern finishes.
277000.0,1208.0,3,2,0,9,Downtown,13.21,5.17,1,2024-07-09,214.59,Yes,No,Recently renovated with modern finishes.
317000.0,2134.0,5,3,2,44,Downtown,8.16,2.96,10,2023-06-05,229.43,Yes,No,Needs some TLC but great potential.
264000.0,2254.0,4,3,1,16,suburb,9.08,4.02,3,2023-01-02,151.86,No,No,Needs some TLC but great potential.
394000.0,1209.0,5,3,1,17,suburb,16.27,4.87,8,2023-12-23,148.24,Yes,yes,Needs some TLC but great potential.
233000.0,2448.0,4,1,2,41,Suburb,6.02,3.41,6,2024-07-22,112.93,Yes,No,Needs some TLC but great potential.
286000.0,1758.0,4,2,2,47,suburb,16.47,2.47,7,2023-02-27,164.73,Y,No,nan
267000.0,2073.0,3,1,0,19,downtown,8.74,2.72,2,2023-09-11,270.09,No,No,Recently renovated with modern finishes.
409000.0,2806.0,2,1,1,36,Downtown,13.78,2.77,6,2023-06-29,173.15,N,Yes,Recently renovated with modern finishes.
315000.0,2448.0,4,1,1,44,Downtown,10.43,5.8,8,2024-05-07,202.0,Yes,Yes,Needs some TLC but great potential.
377000.0,1866.0,4,1,1,17,Rural,21.17,0.77,8,2024-10-30,,Y,No,close to public transport and schools.
189000.0,1554.0,3,1,2,16,suburb,5.56,0.34,4,2023-02-04,,No,Yes,Needs some TLC but great potential.
320000.0,924.0,4,2,0,8,Down Town,7.13,0.44,6,2023-03-16,,Yes,Yes,Quiet neighborhood; low crime-rate!
367000.0,1640.0,2,3,1,13,Down Town,2.47,1.66,5,2023-10-16,,No,No,needs-work
306000.0,1894.0,3,1,2,48,suburb,4.52,4.05,9,2024-01-06,136.83,Yes,Yes,needs-work
380000.0,1506.0,2,1,1,28,downtown,13.57,4.14,8,2024-08-09,167.76,yes,No,LARGE BACKYARD and spacious living area.
261000.0,1934.0,2,2,0,30,Down Town,18.0,2.09,2,2023-11-25,,Y,Yes,Quiet neighborhood; low crime-rate!
406000.0,2038.0,3,2,1,3,Rural,14.13,2.96,7,2024-08-12,,No,No,close to public transport and schools.
472000.0,1888.0,4,3,0,17,Midtown,9.97,1.33,7,2023-10-31,,Yes,No,LARGE BACKYARD and spacious living area.
273000.0,1675.0,2,2,0,19,suburb,5.53,1.46,1,2024-08-01,109.03,Yes,No,needs-work
267000.0,2084.0,2,3,1,46,downtown,14.49,3.87,1,2023-08-09,352.99,No,No,close to public transport and schools.
409000.0,2221.0,2,1,1,42,downtown,5.26,4.57,4,2023-06-13,207.85,Y,Yes,LARGE BACKYARD and spacious living area.
418000.0,1455.0,2,1,0,43,Suburb,3.26,2.28,5,2024-04-24,126.51,Yes,No,Needs some TLC but great potential.
261000.0,2705.0,3,3,2,8,downtown,8.46,5.45,4,2024-03-30,219.68,Yes,No,Needs some TLC but great potential.
268000.0,1951.0,3,2,0,12,Down Town,0.5,4.45,7,2024-01-10,,No,Yes,close to public transport and schools.
279000.0,2009.0,5,3,1,14,Midtown,3.09,5.39,3,2023-08-08,,No,No,LARGE BACKYARD and spacious living area.
199000.0,2354.0,5,2,1,26,Down Town,19.43,2.55,7,2024-11-14,,Yes,no,nan
924000.0,6351.0,2,1,2,14,suburb,2.17,5.28,8,2023-09-11,158.04,No,No,close to public transport and schools.
225000.0,2477.0,4,2,0,27,Midtown,4.06,6.27,6,2024-12-22,,No,Yes,close to public transport and schools.
242000.0,2144.0,2,3,0,36,suburb,10.36,2.38,6,2023-07-07,160.73,No,yes,Quiet neighborhood; low crime-rate!
297000.0,1694.0,4,3,0,18,downtown,10.62,2.77,8,2023-07-10,297.97,No,Yes,Recently renovated with modern finishes.
318000.0,2181.0,2,1,1,25,Rural,8.83,1.58,8,2024-01-24,,Y,yes,close to public transport and schools.
416000.0,1428.0,5,2,0,25,Downtown,0.5,1.28,7,2023-08-03,219.49,Yes,No,nan
225000.0,2054.0,5,2,2,24,Midtown,14.24,1.3,6,2024-01-10,,Yes,No,Needs some TLC but great potential.
1496000.0,5949.0,4,2,1,25,Suburb,7.78,1.78,6,2023-03-27,134.24,No,No,LARGE BACKYARD and spacious living area.
284000.0,1896.0,2,1,1,25,Downtown,16.1,3.41,10,2024-04-18,337.62,No,,Recently renovated with modern finishes.
296000.0,1936.0,4,2,0,45,downtown,6.78,1.85,6,2024-09-09,169.6,No,yes,LARGE BACKYARD and spacious living area.
351000.0,1059.0,5,3,2,27,downtown,14.91,3.37,8,2024-06-14,286.35,yes,No,Needs some TLC but great potential.
216000.0,1726.0,2,2,1,48,Downtown,16.48,3.4,1,2023-02-16,294.38,no,No,close to public transport and schools.
329000.0,2046.0,2,1,1,17,Suburb,7.67,2.29,5,2023-03-06,200.59,Yes,No,Quiet neighborhood; low crime-rate!
312000.0,2080.0,4,2,0,31,Midtown,14.4,2.91,3,2024-04-19,,yes,No,nan
337000.0,1486.0,3,2,0,2,Midtown,3.36,2.21,8,2023-05-26,,No,Unknown,Recently renovated with modern finishes.
322000.0,2633.0,4,3,2,1,Downtown,11.32,2.53,6,2024-01-17,224.96,Yes,Yes,nan
484000.0,1567.0,5,2,0,32,suburb,16.11,1.79,2,2023-03-07,124.38,,No,needs-work
252000.0,2485.0,5,3,2,41,Down Town,12.59,3.13,7,2024-05-31,,yes,,nan
260000.0,2214.0,5,3,1,18,Rural,22.03,2.1,7,2023-04-03,,,no,nan
253000.0,1677.0,5,1,2,16,suburb,12.87,1.25,5,2024-03-01,124.55,Yes,Yes,nan
258000.0,2888.0,5,3,2,43,Midtown,8.17,3.89,8,2024-04-12,,Yes,No,Needs some TLC but great potential.
252000.0,1403.0,3,3,2,32,Down Town,24.2,3.94,5,2023-04-04,,No,,nan
389000.0,2460.0,2,1,1,11,Rural,18.17,4.67,1,2024-09-09,,Y,No,Quiet neighborhood; low crime-rate!
407000.0,2500.0,4,3,0,48,Rural,1.99,1.46,9,2023-05-13,,Yes,No,nan
257000.0,1665.0,4,1,1,2,Rural,6.08,2.28,4,2024-03-09,,no,No,Needs some TLC but great potential.
238000.0,2696.0,5,2,0,42,downtown,4.81,3.35,2,2023-12-07,255.33,No,yes,LARGE BACKYARD and spacious living area.
335000.0,1875.0,4,1,2,48,Rural,13.23,2.25,4,2023-11-10,,No,No,Needs some TLC but great potential.
259000.0,2144.0,5,3,2,25,Suburb,12.86,3.86,9,2024-08-13,129.47,Y,No,needs-work
347000.0,2130.0,3,1,2,34,Downtown,12.82,3.75,2,2023-07-31,297.98,Y,No,needs-work
315000.0,1933.0,3,3,2,7,Midtown,1.85,3.72,4,2024-06-03,,Yes,no,Quiet neighborhood; low crime-rate!
186000.0,2405.0,2,2,2,35,Suburb,6.81,5.19,2,2023-06-08,110.27,,No,Quiet neighborhood; low crime-rate!
416000.0,2397.0,3,1,0,6,Downtown,9.25,3.97,5,2023-09-25,292.12,No,No,close to public transport and schools.
435000.0,1126.0,3,2,0,45,suburb,0.89,3.23,3,2024-10-22,167.9,Yes,No,Needs some TLC but great potential.
254000.0,2652.0,2,3,2,45,suburb,5.64,2.71,10,2024-08-25,,no,no,LARGE BACKYARD and spacious living area.
271000.0,1169.0,4,3,1,35,Downtown,16.78,2.81,2,2024-04-18,333.77,,No,close to public transport and schools.
321000.0,2516.0,5,2,1,15,Suburb,2.23,1.4,9,2024-02-14,195.74,yes,No,close to public transport and schools.
325000.0,2563.0,5,1,2,23,Downtown,17.28,0.35,5,2024-04-18,320.52,no,,Recently renovated with modern finishes.
349000.0,1455.0,4,1,0,0,Rural,15.46,3.7,10,2023-12-22,,Y,No,nan
451000.0,1795.0,2,3,1,48,downtown,8.55,4.84,5,2024-11-10,288.28,no,No,close to public transport and schools.
287000.0,1447.0,4,2,1,24,Midtown,6.76,2.5,1,2023-07-12,,Yes,no,close to public transport and schools.
240000.0,1893.0,3,2,1,9,suburb,14.16,5.38,6,2024-11-29,151.11,N,No,Quiet neighborhood; low crime-rate!
197000.0,1846.0,2,1,2,15,Midtown,6.06,2.74,7,2023-09-28,,Y,No,LARGE BACKYARD and spacious living area.
245000.0,2390.0,2,1,1,15,downtown,6.31,0.07,1,2023-04-24,205.23,Yes,Yes,close to public transport and schools.
298000.0,2655.0,2,1,1,7,Rural,9.88,4.38,9,2024-06-06,,No,No,needs-work
435000.0,2698.0,5,2,1,28,Rural,0.5,2.28,8,,,No,No,LARGE BACKYARD and spacious living area.
261000.0,1719.0,4,1,1,38,suburb,2.75,4.51,8,2023-03-06,175.95,Y,No,nan
317000.0,1895.0,2,1,0,27,suburb,8.42,1.08,7,2024-11-14,170.07,Yes,yes,needs-work
299000.0,1158.0,2,3,2,5,Rural,12.38,3.62,5,2023-09-29,,yes,No,Quiet neighborhood; low crime-rate!
389000.0,1597.0,2,1,2,15,Down Town,5.99,1.8,3,2024-05-16,,Yes,No,needs-work
490000.0,2482.0,4,1,0,19,Midtown,9.01,3.3,9,2024-10-23,,No,No,Recently renovated with modern finishes.
260000.0,2808.0,5,2,0,15,downtown,1.93,4.15,7,2023-12-28,170.03,no,No,Recently renovated with modern finishes.
263000.0,1383.0,3,2,2,6,Midtown,14.66,3.8,10,2023-05-26,,No,Yes,nan
378000.0,1704.0,5,3,1,40,downtown,11.1,3.1,10,2023-07-28,241.94,No,No,nan
351000.0,1987.0,2,1,1,13,Down Town,11.54,0.93,8,2023-10-13,,Yes,Yes,needs-work
439000.0,2140.0,5,3,2,42,Suburb,12.44,4.1,6,2023-01-10,,Y,No,Quiet neighborhood; low crime-rate!
344000.0,1595.0,5,2,1,25,downtown,10.39,4.55,5,2023-07-05,298.94,,Yes,Quiet neighborhood; low crime-rate!
273000.0,2212.0,3,3,0,25,Midtown,7.58,1.44,8,2024-07-27,,no,No,Needs some TLC but great potential.
344000.0,1763.0,4,2,1,13,Downtown,15.65,1.66,3,2024-08-19,308.53,N,No,close to public transport and schools.
383000.0,1993.0,4,3,1,6,Rural,10.78,4.61,7,2024-04-08,,Yes,No,close to public transport and schools.
362000.0,2273.0,5,3,1,32,Rural,9.17,2.69,2,2023-05-14,,Yes,no,close to public transport and schools.
338000.0,2003.0,5,1,2,25,Down Town,9.96,1.69,3,2023-06-20,,Yes,No,LARGE BACKYARD and spacious living area.
380000.0,1782.0,4,3,0,44,downtown,9.85,3.41,2,2023-08-01,174.63,No,No,Needs some TLC but great potential.
388000.0,1945.0,4,1,1,19,Suburb,9.12,2.04,5,2024-06-13,162.4,Yes,No,needs-work
404000.0,1956.0,3,1,2,2,downtown,12.23,3.24,7,2024-05-16,257.93,Yes,No,close to public transport and schools.
349000.0,1815.0,2,1,1,3,Rural,5.32,2.38,10,2024-07-25,,Y,No,LARGE BACKYARD and spacious living area.
287000.0,1871.0,5,1,0,25,suburb,5.69,2.51,10,2024-08-22,,No,No,LARGE BACKYARD and spacious living area.
311000.0,2799.0,4,3,1,10,Downtown,12.8,4.67,1,2023-01-27,320.6,Y,No,Recently renovated with modern finishes.
390000.0,2280.0,5,2,0,1,Down Town,9.27,0.0,10,2023-03-09,,no,No,LARGE BACKYARD and spacious living area.
239000.0,1852.0,5,2,1,13,suburb,14.86,3.83,9,2024-02-12,164.77,Y,No,nan
328000.0,2348.0,4,2,0,43,Midtown,12.04,4.42,1,2024-07-05,,N,No,Quiet neighborhood; low crime-rate!
270000.0,1833.0,3,3,1,29,Suburb,7.24,2.07,1,2023-04-19,143.67,N,yes,LARGE BACKYARD and spacious living area.
302000.0,2587.0,5,1,0,48,suburb,12.88,4.41,10,2023-03-15,183.29,No,No,nan
396000.0,2185.0,3,2,1,11,Midtown,15.99,1.56,8,2024-07-31,,Yes,Yes,nan
314000.0,1946.0,4,3,1,25,suburb,12.23,2.01,6,2024-11-10,203.43,Yes,No,Recently renovated with modern finishes.
303000.0,2224.0,2,1,2,43,Suburb,13.33,1.84,6,2023-09-19,130.46,Yes,yes,needs-work
198000.0,1215.0,2,2,2,32,suburb,9.14,4.43,9,2024-01-03,162.89,Y,No,Recently renovated with modern finishes.
356000.0,1437.0,5,1,0,12,Down Town,14.97,0.38,4,2023-08-25,,no,No,LARGE BACKYARD and spacious living area.
348000.0,1403.0,4,2,1,13,Rural,7.1,5.46,8,2024-12-27,,,No,Recently renovated with modern finishes.
462000.0,2071.0,3,2,0,23,downtown,11.69,2.54,4,2024-01-01,305.78,Yes,No,Recently renovated with modern finishes.
277000.0,2866.0,5,2,2,33,suburb,22.85,3.92,2,2023-10-13,107.93,,No,needs-work
316000.0,3116.0,4,1,0,43,Down Town,12.69,3.79,8,2024-01-13,,No,yes,Quiet neighborhood; low crime-rate!
319000.0,2319.0,4,3,0,25,downtown,7.9,3.23,7,2024-10-22,249.41,yes,Yes,close to public transport and schools.
418000.0,2250.0,3,1,2,20,Midtown,7.88,2.1,4,2024-01-11,,Yes,No,LARGE BACKYARD and spacious living area.
293000.0,1099.0,5,2,1,27,downtown,9.64,4.86,9,2024-09-10,244.73,Yes,No,needs-work
321000.0,1729.0,4,1,0,47,Midtown,14.26,2.23,9,,,No,Yes,LARGE BACKYARD and spacious living area.
346000.0,1606.0,4,3,2,35,suburb,10.73,1.9,8,2023-03-17,137.5,no,No,LARGE BACKYARD and spacious living area.
314000.0,1690.0,4,1,1,39,Down Town,6.76,4.32,1,2023-01-09,,Yes,No,Recently renovated with modern finishes.
267000.0,1916.0,3,3,2,1,Rural,6.75,3.22,7,2023-07-15,,Yes,No,Quiet neighborhood; low crime-rate!
315000.0,1764.0,5,3,0,41,suburb,10.76,5.04,5,2024-09-21,144.51,no,Unknown,Recently renovated with modern finishes.
381000.0,1010.0,5,1,1,8,Midtown,10.21,2.91,7,2023-10-17,,no,No,nan
223000.0,2374.0,5,2,1,22,Suburb,12.27,2.02,9,2023-03-02,164.04,Yes,,Needs some TLC but great potential.
310000.0,1464.0,5,3,2,14,downtown,14.59,3.41,2,2024-01-24,,N,Unknown,Needs some TLC but great potential.
247000.0,2120.0,2,1,2,12,suburb,23.64,2.33,4,2024-07-16,156.21,No,No,needs-work
390000.0,3037.0,2,3,2,22,Midtown,2.69,2.07,4,2024-07-17,,No,Yes,Needs some TLC but great potential.
186000.0,1540.0,5,2,1,16,downtown,13.43,4.25,2,2024-09-25,231.4,No,no,needs-work
258000.0,735.0,3,1,1,47,Midtown,10.49,5.75,3,2024-11-09,,No,No,close to public transport and schools.
328000.0,1857.0,2,1,0,1,Down Town,0.78,2.63,8,2023-01-08,,No,No,Recently renovated with modern finishes.
417000.0,2550.0,4,1,1,19,Downtown,16.25,1.54,9,2024-01-04,329.93,No,No,nan
295000.0,2979.0,2,2,0,19,suburb,12.11,2.77,6,2023-02-14,124.54,No,No,nan
258000.0,1385.0,4,3,2,45,Rural,14.0,3.77,10,2023-12-10,,N,,Needs some TLC but great potential.
441000.0,2248.0,5,1,2,2,suburb,1.5,3.39,2,2024-01-10,150.08,N,yes,Quiet neighborhood; low crime-rate!
191000.0,1767.0,2,3,1,11,downtown,8.9,4.79,2,2024-09-10,206.08,No,no,close to public transport and schools.
135000.0,1947.0,3,3,2,39,Down Town,4.6,4.0,7,2023-01-27,,Yes,No,needs-work
333000.0,3322.0,2,2,2,1,Midtown,20.82,1.34,8,2023-07-12,,Y,No,close to public transport and schools.
262000.0,1249.0,2,1,1,35,Suburb,15.72,2.26,8,2023-12-23,109.57,N,No,Needs some TLC but great potential.
223000.0,2127.0,2,3,0,13,Rural,6.6,0.93,6,2023-03-03,,Y,No,needs-work
353000.0,2234.0,5,1,1,15,Down Town,2.32,4.72,10,2023-03-03,,No,No,needs-work
318000.0,2543.0,3,1,0,18,suburb,10.97,0.01,8,2024-02-26,124.19,Yes,No,Needs some TLC but great potential.
258000.0,2049.0,2,2,1,33,Suburb,15.46,1.08,1,2024-09-24,136.64,Y,no,Recently renovated with modern finishes.
204000.0,2154.0,3,1,1,43,Down Town,1.32,2.23,9,2024-07-04,,No,,Quiet neighborhood; low crime-rate!
365000.0,1804.0,5,1,2,45,Downtown,5.34,3.85,1,2024-01-15,217.39,no,No,close to public transport and schools.
349000.0,2135.0,4,3,1,5,Rural,4.47,2.22,3,2023-10-04,,Y,No,nan
293000.0,1828.0,2,2,1,12,downtown,14.33,2.45,9,2024-08-28,183.15,Yes,No,Needs some TLC but great potential.
438000.0,2311.0,3,1,0,35,Down Town,8.15,2.48,5,2024-03-06,,No,No,Recently renovated with modern finishes.
220000.0,1815.0,3,3,2,21,Down Town,8.36,3.26,9,2023-04-25,,yes,No,nan
186000.0,2189.0,5,2,0,17,Downtown,10.87,1.17,9,2024-11-18,220.16,No,No,close to public transport and schools.
248000.0,1985.0,2,2,0,11,suburb,5.61,1.58,6,2023-05-01,119.2,No,no,Needs some TLC but great potential.
297000.0,2563.0,4,3,2,29,Midtown,2.78,5.52,1,2024-06-08,,Y,No,needs-work
318000.0,1974.0,3,3,2,39,Midtown,16.85,3.6,10,2024-02-20,,N,No,Quiet neighborhood; low crime-rate!
282000.0,1113.0,2,3,2,6,Rural,17.31,4.14,7,2023-06-12,,Yes,No,Needs some TLC but great potential.
326000.0,2631.0,4,3,1,31,Rural,10.9,3.09,6,2024-11-18,,No,No,Quiet neighborhood; low crime-rate!
206000.0,1547.0,3,3,2,47,downtown,11.26,2.79,9,2023-12-03,335.96,no,No,Recently renovated with modern finishes.
408000.0,1673.0,3,1,2,18,Down Town,16.31,3.69,7,2024-01-14,,,No,Recently renovated with modern finishes.
294000.0,1702.0,4,1,2,5,Suburb,10.78,4.09,4,2023-11-20,231.45,Y,no,close to public transport and schools.
384000.0,2687.0,4,2,0,19,Down Town,7.9,4.27,7,2023-06-22,,,No,Quiet neighborhood; low crime-rate!
326000.0,932.0,5,1,0,26,Midtown,10.2,2.81,2,2023-03-05,,No,No,Needs some TLC but great potential.
334000.0,3569.0,2,1,1,42,downtown,16.97,4.43,6,2023-04-11,329.99,No,No,Recently renovated with modern finishes.
343000.0,2528.0,2,1,0,36,Down Town,10.27,0.0,6,2023-11-18,,No,No,Needs some TLC but great potential.
334000.0,2112.0,5,3,1,47,Downtown,6.65,4.34,2,2023-03-07,192.61,Yes,No,close to public transport and schools.
348000.0,1973.0,3,2,0,6,Midtown,10.74,2.36,4,2024-07-10,,No,No,Quiet neighborhood; low crime-rate!
400000.0,2143.0,4,2,2,4,Down Town,13.28,3.83,8,2024-08-21,,No,No,Needs some TLC but great potential.
315000.0,2261.0,4,2,0,10,Down Town,12.68,2.03,8,2024-04-02,,yes,No,nan
353000.0,2323.0,4,2,1,14,Midtown,12.76,1.01,8,2024-08-01,,N,No,Needs some TLC but great potential.
293000.0,2278.0,3,1,0,2,Suburb,5.87,3.51,8,2024-03-28,159.81,Y,No,LARGE BACKYARD and spacious living area.
408000.0,2045.0,4,1,2,4,Midtown,13.85,0.75,1,2023-09-16,,No,no,LARGE BACKYARD and spacious living area.
249000.0,1901.0,4,3,1,22,Downtown,10.14,2.4,2,2024-12-17,255.18,Yes,No,needs-work
435000.0,1924.0,5,2,2,36,Downtown,6.44,1.78,4,2024-03-01,245.84,No,Yes,close to public transport and schools.
297000.0,1903.0,3,1,2,8,Down Town,13.81,2.74,9,2023-06-27,,Y,No,close to public transport and schools.
193000.0,2567.0,2,1,1,14,Rural,7.73,4.2,3,2023-10-07,,Yes,,close to public transport and schools.
310000.0,2297.0,5,3,2,2,Suburb,2.13,2.27,6,2023-12-10,129.71,No,No,nan
249000.0,530.0,5,3,2,28,Down Town,5.0,3.47,7,2023-01-17,,No,No,Quiet neighborhood; low crime-rate!
363000.0,2328.0,2,3,0,5,Midtown,9.09,4.11,8,2023-10-23,,N,Yes,nan
251000.0,2097.0,5,1,2,16,Down Town,12.89,2.09,7,2023-07-21,,no,yes,needs-work
267000.0,1991.0,3,1,2,25,downtown,5.68,2.11,3,2024-11-14,323.82,Y,No,Needs some TLC but great potential.
158000.0,1806.0,4,3,2,20,downtown,8.8,5.05,6,2023-07-13,47.3,No,No,Recently renovated with modern finishes.
266000.0,2562.0,3,2,2,7,Rural,3.92,2.88,5,2023-05-29,,No,,Quiet neighborhood; low crime-rate!
118000.0,2474.0,2,3,1,20,Suburb,14.91,3.76,10,2024-01-10,153.47,Yes,Yes,LARGE BACKYARD and spacious living area.
724000.0,4842.0,2,3,0,10,suburb,18.59,3.75,4,2023-02-04,105.71,Yes,No,LARGE BACKYARD and spacious living area.
357000.0,2204.0,5,3,2,37,downtown,18.05,1.2,1,,335.58,Yes,Yes,needs-work
359000.0,1514.0,3,3,2,7,suburb,14.82,1.86,7,2023-01-29,150.44,Yes,No,LARGE BACKYARD and spacious living area.
332000.0,1310.0,3,1,1,41,Downtown,14.31,3.56,8,2023-08-09,190.77,Yes,No,needs-work
227000.0,1687.0,2,2,2,23,downtown,0.5,0.0,2,2023-02-22,,Yes,no,Needs some TLC but great potential.
296000.0,2431.0,3,3,1,34,downtown,10.89,2.68,7,2023-12-19,306.22,Yes,No,Needs some TLC but great potential.
300000.0,2477.0,2,2,0,13,Suburb,7.52,1.7,6,2024-01-27,139.25,Y,No,close to public transport and schools.
213000.0,2257.0,3,2,0,13,Rural,14.4,4.67,5,2023-03-17,,,yes,Recently renovated with modern finishes.
413000.0,2363.0,3,2,2,9,suburb,0.5,3.52,4,2024-05-08,132.14,no,,close to public transport and schools.
366000.0,2258.0,3,3,2,11,Midtown,10.96,4.79,2,2024-11-18,,Yes,No,Needs some TLC but great potential.
283000.0,1679.0,2,1,2,37,downtown,8.93,2.94,10,2024-06-05,279.29,No,No,nan
302000.0,2216.0,5,3,1,43,downtown,15.59,2.83,6,2023-04-27,285.27,no,Yes,close to public transport and schools.
316000.0,2400.0,3,2,2,45,Suburb,17.74,2.54,5,2023-10-07,198.54,Yes,Yes,Quiet neighborhood; low crime-rate!
147000.0,2377.0,2,2,2,33,Suburb,5.36,2.25,2,2024-12-30,130.03,yes,No,Needs some TLC but great potential.
281000.0,2594.0,2,1,0,40,Rural,5.58,7.03,10,2023-06-24,,No,Yes,Needs some TLC but great potential.
249000.0,2354.0,3,3,2,9,suburb,11.15,4.21,7,2023-10-22,135.88,no,No,nan
225000.0,2176.0,3,2,0,16,Downtown,18.67,1.4,6,2024-03-26,231.71,no,Yes,nan
279000.0,2535.0,5,1,2,16,Midtown,10.3,6.96,9,2024-06-01,,Y,No,nan
435000.0,1987.0,2,2,0,2,Rural,3.6,2.39,10,2023-01-21,,Y,No,Recently renovated with modern finishes.
348000.0,1559.0,2,1,2,30,Downtown,6.97,3.48,5,2023-03-14,266.35,Yes,Yes,Quiet neighborhood; low crime-rate!
257000.0,1918.0,4,1,0,0,Down Town,11.01,4.41,9,2023-02-05,,Yes,No,Needs some TLC but great potential.
343000.0,1628.0,2,3,1,11,downtown,11.2,0.69,9,2024-05-21,258.74,No,No,nan
235000.0,2478.0,2,3,2,16,suburb,10.44,4.05,4,2024-08-30,158.22,Yes,No,Quiet neighborhood; low crime-rate!
306000.0,1894.0,3,1,2,48,suburb,4.52,4.05,9,2024-01-06,136.83,Yes,Yes,needs-work
226000.0,2120.0,3,2,2,7,suburb,3.03,3.7,7,2024-09-14,166.17,Yes,No,Needs some TLC but great potential.
307000.0,1778.0,3,1,2,24,Downtown,2.84,6.01,9,2024-06-28,184.99,Y,yes,Quiet neighborhood; low crime-rate!
338000.0,1709.0,5,1,2,42,Downtown,8.53,3.16,6,2023-06-03,376.77,,No,Needs some TLC but great potential.
